AREA,Latency,FU,REG,MUX,DEC,MISC,CP_delay,BlockMemoryBit,DSP,par-LUT,par-REG,par-SLI,par-DSP,par-MEM,par-CPD,par-POW,ARRAY_1,ARRAY_2,ARRAY_3,LOOP_1,LOOP_2,FUNC_1,FU_ratio
298,28,152,86,122,12,12,7.68,72,2,434,165,259,0,0,8.265,344.62,REG,REG,REG,0,0,inline,0
298,28,152,86,122,12,12,7.68,72,2,434,165,259,0,0,8.265,344.62,REG,REG,REG,0,0,inline,-25
298,28,152,86,122,12,12,7.68,72,2,434,165,259,0,0,8.265,344.62,REG,REG,REG,0,0,inline,-50
298,28,152,86,122,12,12,7.68,72,2,434,165,259,0,0,8.265,344.62,REG,REG,REG,0,0,inline,-75
371,28,96,126,250,12,13,9.03,72,2,463,207,291,0,0,7.593,344.90,REG,REG,REG,0,0,goto,0
371,28,96,126,250,12,13,9.03,72,2,463,207,291,0,0,7.593,344.90,REG,REG,REG,0,0,goto,-25
371,28,96,126,250,12,13,9.03,72,2,463,207,291,0,0,7.593,344.90,REG,REG,REG,0,0,goto,-50
371,28,96,126,250,12,13,9.03,72,2,463,207,291,0,0,7.593,344.90,REG,REG,REG,0,0,goto,-75
508,37,169,130,302,15,22,10.875,72,2,455,211,291,2,0,9.693,345.94,REG,REG,REG,0,3,inline,0
508,37,169,130,302,15,22,10.875,72,2,455,211,291,2,0,9.693,345.94,REG,REG,REG,0,3,inline,-25
508,37,169,130,302,15,22,10.875,72,2,455,211,291,2,0,9.693,345.94,REG,REG,REG,0,3,inline,-50
508,37,169,130,302,15,22,10.875,72,2,455,211,291,2,0,9.693,345.94,REG,REG,REG,0,3,inline,-75
510,37,146,163,325,15,24,9.9793,72,4,617,247,371,2,0,9.926,344.79,REG,REG,REG,0,3,goto,0
510,37,146,163,325,15,24,9.9793,72,4,617,247,371,2,0,9.926,344.79,REG,REG,REG,0,3,goto,-25
510,37,146,163,325,15,24,9.9793,72,4,617,247,371,2,0,9.926,344.79,REG,REG,REG,0,3,goto,-50
510,37,146,163,325,15,24,9.9793,72,4,617,247,371,2,0,9.926,344.79,REG,REG,REG,0,3,goto,-75
300,38,156,92,111,14,19,7.68,72,1,411,173,258,0,0,9.089,342.44,REG,REG,REG,0,6,inline,0
300,38,156,92,111,14,19,7.68,72,1,411,173,258,0,0,9.089,342.44,REG,REG,REG,0,6,inline,-25
300,38,156,92,111,14,19,7.68,72,1,411,173,258,0,0,9.089,342.44,REG,REG,REG,0,6,inline,-50
300,38,156,92,111,14,19,7.68,72,1,411,173,258,0,0,9.089,342.44,REG,REG,REG,0,6,inline,-75
370,38,148,135,188,14,20,8.22,72,1,419,216,258,0,0,9.676,346.03,REG,REG,REG,0,6,goto,0
370,38,148,135,188,14,20,8.22,72,1,419,216,258,0,0,9.676,346.03,REG,REG,REG,0,6,goto,-25
370,38,148,135,188,14,20,8.22,72,1,419,216,258,0,0,9.676,346.03,REG,REG,REG,0,6,goto,-50
370,38,148,135,188,14,20,8.22,72,1,419,216,258,0,0,9.676,346.03,REG,REG,REG,0,6,goto,-75
300,38,156,92,111,14,19,7.68,72,1,411,173,258,0,0,9.089,342.44,REG,REG,REG,0,9,inline,0
300,38,156,92,111,14,19,7.68,72,1,411,173,258,0,0,9.089,342.44,REG,REG,REG,0,9,inline,-25
300,38,156,92,111,14,19,7.68,72,1,411,173,258,0,0,9.089,342.44,REG,REG,REG,0,9,inline,-50
300,38,156,92,111,14,19,7.68,72,1,411,173,258,0,0,9.089,342.44,REG,REG,REG,0,9,inline,-75
370,38,148,135,188,14,20,8.22,72,1,419,216,258,0,0,9.676,346.03,REG,REG,REG,0,9,goto,0
370,38,148,135,188,14,20,8.22,72,1,419,216,258,0,0,9.676,346.03,REG,REG,REG,0,9,goto,-25
370,38,148,135,188,14,20,8.22,72,1,419,216,258,0,0,9.676,346.03,REG,REG,REG,0,9,goto,-50
370,38,148,135,188,14,20,8.22,72,1,419,216,258,0,0,9.676,346.03,REG,REG,REG,0,9,goto,-75
615,37,169,163,402,15,29,10.9093,72,2,692,245,408,0,0,9.989,345.32,REG,REG,REG,3,0,inline,0
615,37,169,163,402,15,29,10.9093,72,2,692,245,408,0,0,9.989,345.32,REG,REG,REG,3,0,inline,-25
615,37,169,163,402,15,29,10.9093,72,2,692,245,408,0,0,9.989,345.32,REG,REG,REG,3,0,inline,-50
615,37,169,163,402,15,29,10.9093,72,2,692,245,408,0,0,9.989,345.32,REG,REG,REG,3,0,inline,-75
686,37,146,163,500,15,25,10.9093,72,2,700,246,404,0,0,9.885,344.60,REG,REG,REG,3,0,goto,0
686,37,146,163,500,15,25,10.9093,72,2,700,246,404,0,0,9.885,344.60,REG,REG,REG,3,0,goto,-25
686,37,146,163,500,15,25,10.9093,72,2,700,246,404,0,0,9.885,344.60,REG,REG,REG,3,0,goto,-50
686,37,146,163,500,15,25,10.9093,72,2,700,246,404,0,0,9.885,344.60,REG,REG,REG,3,0,goto,-75
539,19,197,178,307,13,22,10.1693,72,4,616,215,395,2,0,9.370,347.18,REG,REG,REG,3,3,inline,0
539,19,197,178,307,13,22,10.1693,72,4,616,215,395,2,0,9.370,347.18,REG,REG,REG,3,3,inline,-25
554,19,164,174,355,13,22,10.9793,72,4,635,258,418,2,0,9.938,345.74,REG,REG,REG,3,3,inline,-50
506,22,164,160,309,14,19,11.5193,72,2,592,246,361,0,0,9.733,348.15,REG,REG,REG,3,3,inline,-75
618,19,174,201,410,13,21,11.0293,72,3,703,283,412,2,0,10.182,343.81,REG,REG,REG,3,3,goto,0
618,19,174,201,410,13,21,11.0293,72,3,703,283,412,2,0,10.182,343.81,REG,REG,REG,3,3,goto,-25
542,22,141,187,366,14,21,11.5993,72,2,662,269,375,0,0,9.813,350.14,REG,REG,REG,3,3,goto,-50
542,22,141,187,366,14,21,11.5993,72,2,662,269,375,0,0,9.813,350.14,REG,REG,REG,3,3,goto,-75
387,23,168,133,175,15,29,9.4093,72,1,442,216,301,0,0,9.507,346.40,REG,REG,REG,3,6,inline,0
387,23,168,133,175,15,29,9.4093,72,1,442,216,301,0,0,9.507,346.40,REG,REG,REG,3,6,inline,-25
387,23,168,133,175,15,29,9.4093,72,1,442,216,301,0,0,9.507,346.40,REG,REG,REG,3,6,inline,-50
387,23,168,133,175,15,29,9.4093,72,1,442,216,301,0,0,9.507,346.40,REG,REG,REG,3,6,inline,-75
454,23,193,176,217,15,29,8.925,72,2,558,259,350,0,0,9.175,345.98,REG,REG,REG,3,6,goto,0
454,23,193,176,217,15,29,8.925,72,2,558,259,350,0,0,9.175,345.98,REG,REG,REG,3,6,goto,-25
454,23,193,176,217,15,29,8.925,72,2,558,259,350,0,0,9.175,345.98,REG,REG,REG,3,6,goto,-50
454,23,193,176,217,15,29,8.925,72,2,558,259,350,0,0,9.175,345.98,REG,REG,REG,3,6,goto,-75
387,23,168,133,175,15,29,9.4093,72,1,442,216,301,0,0,9.507,346.40,REG,REG,REG,3,9,inline,0
387,23,168,133,175,15,29,9.4093,72,1,442,216,301,0,0,9.507,346.40,REG,REG,REG,3,9,inline,-25
387,23,168,133,175,15,29,9.4093,72,1,442,216,301,0,0,9.507,346.40,REG,REG,REG,3,9,inline,-50
387,23,168,133,175,15,29,9.4093,72,1,442,216,301,0,0,9.507,346.40,REG,REG,REG,3,9,inline,-75
454,23,193,176,217,15,29,8.925,72,2,558,259,350,0,0,9.175,345.98,REG,REG,REG,3,9,goto,0
454,23,193,176,217,15,29,8.925,72,2,558,259,350,0,0,9.175,345.98,REG,REG,REG,3,9,goto,-25
454,23,193,176,217,15,29,8.925,72,2,558,259,350,0,0,9.175,345.98,REG,REG,REG,3,9,goto,-50
454,23,193,176,217,15,29,8.925,72,2,558,259,350,0,0,9.175,345.98,REG,REG,REG,3,9,goto,-75
288,28,133,105,130,12,13,7.68,72,1,376,184,249,0,0,7.280,345.68,REG,REG,REG,6,0,inline,0
288,28,133,105,130,12,13,7.68,72,1,376,184,249,0,0,7.280,345.68,REG,REG,REG,6,0,inline,-25
288,28,133,105,130,12,13,7.68,72,1,376,184,249,0,0,7.280,345.68,REG,REG,REG,6,0,inline,-50
288,28,133,105,130,12,13,7.68,72,1,376,184,249,0,0,7.280,345.68,REG,REG,REG,6,0,inline,-75
335,28,125,168,184,12,14,8.22,72,1,416,247,266,0,0,7.958,350.36,REG,REG,REG,6,0,goto,0
335,28,125,168,184,12,14,8.22,72,1,416,247,266,0,0,7.958,350.36,REG,REG,REG,6,0,goto,-25
335,28,125,168,184,12,14,8.22,72,1,416,247,266,0,0,7.958,350.36,REG,REG,REG,6,0,goto,-50
335,28,125,168,184,12,14,8.22,72,1,416,247,266,0,0,7.958,350.36,REG,REG,REG,6,0,goto,-75
410,19,144,135,232,13,21,9.12,72,3,593,217,366,0,0,8.935,347.14,REG,REG,REG,6,3,inline,0
410,19,144,135,232,13,21,9.12,72,3,593,217,366,0,0,8.935,347.14,REG,REG,REG,6,3,inline,-25
410,19,144,135,232,13,21,9.12,72,3,593,217,366,0,0,8.935,347.14,REG,REG,REG,6,3,inline,-50
410,19,144,135,232,13,21,9.12,72,3,593,217,366,0,0,8.935,347.14,REG,REG,REG,6,3,inline,-75
478,19,170,211,275,13,20,9.2893,72,3,554,292,364,2,0,9.854,353.62,REG,REG,REG,6,3,goto,0
478,19,170,211,275,13,20,9.2893,72,3,554,292,364,2,0,9.854,353.62,REG,REG,REG,6,3,goto,-25
478,19,170,211,275,13,20,9.2893,72,3,554,292,364,2,0,9.854,353.62,REG,REG,REG,6,3,goto,-50
478,19,170,211,275,13,20,9.2893,72,3,554,292,364,2,0,9.854,353.62,REG,REG,REG,6,3,goto,-75
157,2,124,33,28,1,4,7.2425,0,0,131,31,76,0,0,0.902,345.04,REG,REG,REG,6,6,inline,0
157,2,124,33,28,1,4,7.2425,0,0,131,31,76,0,0,0.902,345.04,REG,REG,REG,6,6,inline,-25
163,3,115,51,42,2,4,7.2425,0,0,154,51,88,0,0,7.288,345.78,REG,REG,REG,6,6,inline,-50
163,3,115,51,42,2,4,7.2425,0,0,154,51,88,0,0,7.288,345.78,REG,REG,REG,6,6,inline,-75
170,2,104,36,60,1,5,7.83,0,0,170,36,98,0,0,3.479,350.08,REG,REG,REG,6,6,goto,0
170,2,104,36,60,1,5,7.83,0,0,170,36,98,0,0,3.479,350.08,REG,REG,REG,6,6,goto,-25
188,3,84,60,96,2,6,8.2175,0,0,181,61,112,0,0,7.065,361.79,REG,REG,REG,6,6,goto,-50
188,3,84,60,96,2,6,8.2175,0,0,181,61,112,0,0,7.065,361.79,REG,REG,REG,6,6,goto,-75
157,2,124,33,28,1,4,7.2425,0,0,131,31,76,0,0,0.902,345.04,REG,REG,REG,6,9,inline,0
157,2,124,33,28,1,4,7.2425,0,0,131,31,76,0,0,0.902,345.04,REG,REG,REG,6,9,inline,-25
163,3,115,51,42,2,4,7.2425,0,0,154,51,88,0,0,7.288,345.78,REG,REG,REG,6,9,inline,-50
163,3,115,51,42,2,4,7.2425,0,0,154,51,88,0,0,7.288,345.78,REG,REG,REG,6,9,inline,-75
170,2,104,36,60,1,5,7.83,0,0,170,36,98,0,0,3.479,350.08,REG,REG,REG,6,9,goto,0
170,2,104,36,60,1,5,7.83,0,0,170,36,98,0,0,3.479,350.08,REG,REG,REG,6,9,goto,-25
188,3,84,60,96,2,6,8.2175,0,0,181,61,112,0,0,7.065,361.79,REG,REG,REG,6,9,goto,-50
188,3,84,60,96,2,6,8.2175,0,0,181,61,112,0,0,7.065,361.79,REG,REG,REG,6,9,goto,-75
288,28,133,105,130,12,13,7.68,72,1,376,184,249,0,0,7.280,345.68,REG,REG,REG,9,0,inline,0
288,28,133,105,130,12,13,7.68,72,1,376,184,249,0,0,7.280,345.68,REG,REG,REG,9,0,inline,-25
288,28,133,105,130,12,13,7.68,72,1,376,184,249,0,0,7.280,345.68,REG,REG,REG,9,0,inline,-50
288,28,133,105,130,12,13,7.68,72,1,376,184,249,0,0,7.280,345.68,REG,REG,REG,9,0,inline,-75
335,28,125,168,184,12,14,8.22,72,1,416,247,266,0,0,7.958,350.36,REG,REG,REG,9,0,goto,0
335,28,125,168,184,12,14,8.22,72,1,416,247,266,0,0,7.958,350.36,REG,REG,REG,9,0,goto,-25
335,28,125,168,184,12,14,8.22,72,1,416,247,266,0,0,7.958,350.36,REG,REG,REG,9,0,goto,-50
335,28,125,168,184,12,14,8.22,72,1,416,247,266,0,0,7.958,350.36,REG,REG,REG,9,0,goto,-75
410,19,144,135,232,13,21,9.12,72,3,593,217,366,0,0,8.935,347.14,REG,REG,REG,9,3,inline,0
410,19,144,135,232,13,21,9.12,72,3,593,217,366,0,0,8.935,347.14,REG,REG,REG,9,3,inline,-25
410,19,144,135,232,13,21,9.12,72,3,593,217,366,0,0,8.935,347.14,REG,REG,REG,9,3,inline,-50
410,19,144,135,232,13,21,9.12,72,3,593,217,366,0,0,8.935,347.14,REG,REG,REG,9,3,inline,-75
478,19,170,211,275,13,20,9.2893,72,3,554,292,364,2,0,9.854,353.62,REG,REG,REG,9,3,goto,0
478,19,170,211,275,13,20,9.2893,72,3,554,292,364,2,0,9.854,353.62,REG,REG,REG,9,3,goto,-25
478,19,170,211,275,13,20,9.2893,72,3,554,292,364,2,0,9.854,353.62,REG,REG,REG,9,3,goto,-50
478,19,170,211,275,13,20,9.2893,72,3,554,292,364,2,0,9.854,353.62,REG,REG,REG,9,3,goto,-75
157,2,124,33,28,1,4,7.2425,0,0,131,31,76,0,0,0.902,345.04,REG,REG,REG,9,6,inline,0
157,2,124,33,28,1,4,7.2425,0,0,131,31,76,0,0,0.902,345.04,REG,REG,REG,9,6,inline,-25
163,3,115,51,42,2,4,7.2425,0,0,154,51,88,0,0,7.288,345.78,REG,REG,REG,9,6,inline,-50
163,3,115,51,42,2,4,7.2425,0,0,154,51,88,0,0,7.288,345.78,REG,REG,REG,9,6,inline,-75
170,2,104,36,60,1,5,7.83,0,0,170,36,98,0,0,3.479,350.08,REG,REG,REG,9,6,goto,0
170,2,104,36,60,1,5,7.83,0,0,170,36,98,0,0,3.479,350.08,REG,REG,REG,9,6,goto,-25
188,3,84,60,96,2,6,8.2175,0,0,181,61,112,0,0,7.065,361.79,REG,REG,REG,9,6,goto,-50
188,3,84,60,96,2,6,8.2175,0,0,181,61,112,0,0,7.065,361.79,REG,REG,REG,9,6,goto,-75
157,2,124,33,28,1,4,7.2425,0,0,131,31,76,0,0,0.902,345.04,REG,REG,REG,9,9,inline,0
157,2,124,33,28,1,4,7.2425,0,0,131,31,76,0,0,0.902,345.04,REG,REG,REG,9,9,inline,-25
163,3,115,51,42,2,4,7.2425,0,0,154,51,88,0,0,7.288,345.78,REG,REG,REG,9,9,inline,-50
163,3,115,51,42,2,4,7.2425,0,0,154,51,88,0,0,7.288,345.78,REG,REG,REG,9,9,inline,-75
170,2,104,36,60,1,5,7.83,0,0,170,36,98,0,0,3.479,350.08,REG,REG,REG,9,9,goto,0
170,2,104,36,60,1,5,7.83,0,0,170,36,98,0,0,3.479,350.08,REG,REG,REG,9,9,goto,-25
188,3,84,60,96,2,6,8.2175,0,0,181,61,112,0,0,7.065,361.79,REG,REG,REG,9,9,goto,-50
188,3,84,60,96,2,6,8.2175,0,0,181,61,112,0,0,7.065,361.79,REG,REG,REG,9,9,goto,-75
331,28,152,90,152,12,15,7.68,99,2,396,175,244,0,1,7.646,347.48,REG,ROM,REG,0,0,inline,0
331,28,152,90,152,12,15,7.68,99,2,396,175,244,0,1,7.646,347.48,REG,ROM,REG,0,0,inline,-25
331,28,152,90,152,12,15,7.68,99,2,396,175,244,0,1,7.646,347.48,REG,ROM,REG,0,0,inline,-50
331,28,152,90,152,12,15,7.68,99,2,396,175,244,0,1,7.646,347.48,REG,ROM,REG,0,0,inline,-75
369,28,96,123,248,12,13,9.03,99,2,438,206,269,0,1,7.990,345.53,REG,ROM,REG,0,0,goto,0
369,28,96,123,248,12,13,9.03,99,2,438,206,269,0,1,7.990,345.53,REG,ROM,REG,0,0,goto,-25
369,28,96,123,248,12,13,9.03,99,2,438,206,269,0,1,7.990,345.53,REG,ROM,REG,0,0,goto,-50
369,28,96,123,248,12,13,9.03,99,2,438,206,269,0,1,7.990,345.53,REG,ROM,REG,0,0,goto,-75
473,37,169,130,267,15,22,10.725,99,2,556,212,342,0,1,9.894,345.56,REG,ROM,REG,0,3,inline,0
473,37,169,130,267,15,22,10.725,99,2,556,212,342,0,1,9.894,345.56,REG,ROM,REG,0,3,inline,-25
473,37,169,130,267,15,22,10.725,99,2,556,212,342,0,1,9.894,345.56,REG,ROM,REG,0,3,inline,-50
473,37,169,130,267,15,22,10.725,99,2,556,212,342,0,1,9.894,345.56,REG,ROM,REG,0,3,inline,-75
506,37,146,160,321,15,24,10.1993,99,3,597,250,369,2,1,9.913,346.89,REG,ROM,REG,0,3,goto,0
506,37,146,160,321,15,24,10.1993,99,3,597,250,369,2,1,9.913,346.89,REG,ROM,REG,0,3,goto,-25
506,37,146,160,321,15,24,10.1993,99,3,597,250,369,2,1,9.913,346.89,REG,ROM,REG,0,3,goto,-50
506,37,146,160,321,15,24,10.1993,99,3,597,250,369,2,1,9.913,346.89,REG,ROM,REG,0,3,goto,-75
298,38,156,89,109,14,19,7.68,99,1,408,173,258,0,1,8.286,342.68,REG,ROM,REG,0,6,inline,0
298,38,156,89,109,14,19,7.68,99,1,408,173,258,0,1,8.286,342.68,REG,ROM,REG,0,6,inline,-25
298,38,156,89,109,14,19,7.68,99,1,408,173,258,0,1,8.286,342.68,REG,ROM,REG,0,6,inline,-50
298,38,156,89,109,14,19,7.68,99,1,408,173,258,0,1,8.286,342.68,REG,ROM,REG,0,6,inline,-75
368,38,148,132,186,14,20,8.22,99,1,416,216,258,0,1,7.881,345.12,REG,ROM,REG,0,6,goto,0
368,38,148,132,186,14,20,8.22,99,1,416,216,258,0,1,7.881,345.12,REG,ROM,REG,0,6,goto,-25
368,38,148,132,186,14,20,8.22,99,1,416,216,258,0,1,7.881,345.12,REG,ROM,REG,0,6,goto,-50
368,38,148,132,186,14,20,8.22,99,1,416,216,258,0,1,7.881,345.12,REG,ROM,REG,0,6,goto,-75
298,38,156,89,109,14,19,7.68,99,1,408,173,258,0,1,8.286,342.68,REG,ROM,REG,0,9,inline,0
298,38,156,89,109,14,19,7.68,99,1,408,173,258,0,1,8.286,342.68,REG,ROM,REG,0,9,inline,-25
298,38,156,89,109,14,19,7.68,99,1,408,173,258,0,1,8.286,342.68,REG,ROM,REG,0,9,inline,-50
298,38,156,89,109,14,19,7.68,99,1,408,173,258,0,1,8.286,342.68,REG,ROM,REG,0,9,inline,-75
368,38,148,132,186,14,20,8.22,99,1,416,216,258,0,1,7.881,345.12,REG,ROM,REG,0,9,goto,0
368,38,148,132,186,14,20,8.22,99,1,416,216,258,0,1,7.881,345.12,REG,ROM,REG,0,9,goto,-25
368,38,148,132,186,14,20,8.22,99,1,416,216,258,0,1,7.881,345.12,REG,ROM,REG,0,9,goto,-50
368,38,148,132,186,14,20,8.22,99,1,416,216,258,0,1,7.881,345.12,REG,ROM,REG,0,9,goto,-75
463,40,169,129,254,16,24,8.77,99,3,534,214,328,2,0,9.963,348.14,REG,ROM,REG,3,0,inline,0
463,40,169,129,254,16,24,8.77,99,3,534,214,328,2,0,9.963,348.14,REG,ROM,REG,3,0,inline,-25
463,40,169,129,254,16,24,8.77,99,3,534,214,328,2,0,9.963,348.14,REG,ROM,REG,3,0,inline,-50
463,40,169,129,254,16,24,8.77,99,3,534,214,328,2,0,9.963,348.14,REG,ROM,REG,3,0,inline,-75
411,40,146,147,225,16,24,8.4793,99,2,508,235,300,0,0,9.559,345.12,REG,ROM,REG,3,0,goto,0
411,40,146,147,225,16,24,8.4793,99,2,508,235,300,0,0,9.559,345.12,REG,ROM,REG,3,0,goto,-25
411,40,146,147,225,16,24,8.4793,99,2,508,235,300,0,0,9.559,345.12,REG,ROM,REG,3,0,goto,-50
411,40,146,147,225,16,24,8.4793,99,2,508,235,300,0,0,9.559,345.12,REG,ROM,REG,3,0,goto,-75
546,22,164,127,346,14,22,10.8593,99,3,659,218,387,0,0,9.882,349.43,REG,ROM,REG,3,3,inline,0
546,22,164,127,346,14,22,10.8593,99,3,659,218,387,0,0,9.882,349.43,REG,ROM,REG,3,3,inline,-25
546,22,164,127,346,14,22,10.8593,99,3,659,218,387,0,0,9.882,349.43,REG,ROM,REG,3,3,inline,-50
546,22,164,127,346,14,22,10.8593,99,3,659,218,387,0,0,9.882,349.43,REG,ROM,REG,3,3,inline,-75
459,22,141,149,283,14,21,9.7993,99,2,565,237,329,0,0,9.365,346.21,REG,ROM,REG,3,3,goto,0
459,22,141,149,283,14,21,9.7993,99,2,565,237,329,0,0,9.365,346.21,REG,ROM,REG,3,3,goto,-25
459,22,141,149,283,14,21,9.7993,99,2,565,237,329,0,0,9.365,346.21,REG,ROM,REG,3,3,goto,-50
459,22,141,149,283,14,21,9.7993,99,2,565,237,329,0,0,9.365,346.21,REG,ROM,REG,3,3,goto,-75
354,23,168,98,144,15,27,9.225,99,1,441,185,282,0,0,9.041,345.92,REG,ROM,REG,3,6,inline,0
354,23,168,98,144,15,27,9.225,99,1,441,185,282,0,0,9.041,345.92,REG,ROM,REG,3,6,inline,-25
354,23,168,98,144,15,27,9.225,99,1,441,185,282,0,0,9.041,345.92,REG,ROM,REG,3,6,inline,-50
354,23,168,98,144,15,27,9.225,99,1,441,185,282,0,0,9.041,345.92,REG,ROM,REG,3,6,inline,-75
424,23,160,141,221,15,28,10.035,99,1,475,226,294,0,0,9.377,351.45,REG,ROM,REG,3,6,goto,0
424,23,160,141,221,15,28,10.035,99,1,475,226,294,0,0,9.377,351.45,REG,ROM,REG,3,6,goto,-25
424,23,160,141,221,15,28,10.035,99,1,475,226,294,0,0,9.377,351.45,REG,ROM,REG,3,6,goto,-50
424,23,160,141,221,15,28,10.035,99,1,475,226,294,0,0,9.377,351.45,REG,ROM,REG,3,6,goto,-75
354,23,168,98,144,15,27,9.225,99,1,441,185,282,0,0,9.041,345.92,REG,ROM,REG,3,9,inline,0
354,23,168,98,144,15,27,9.225,99,1,441,185,282,0,0,9.041,345.92,REG,ROM,REG,3,9,inline,-25
354,23,168,98,144,15,27,9.225,99,1,441,185,282,0,0,9.041,345.92,REG,ROM,REG,3,9,inline,-50
354,23,168,98,144,15,27,9.225,99,1,441,185,282,0,0,9.041,345.92,REG,ROM,REG,3,9,inline,-75
424,23,160,141,221,15,28,10.035,99,1,475,226,294,0,0,9.377,351.45,REG,ROM,REG,3,9,goto,0
424,23,160,141,221,15,28,10.035,99,1,475,226,294,0,0,9.377,351.45,REG,ROM,REG,3,9,goto,-25
424,23,160,141,221,15,28,10.035,99,1,475,226,294,0,0,9.377,351.45,REG,ROM,REG,3,9,goto,-50
424,23,160,141,221,15,28,10.035,99,1,475,226,294,0,0,9.377,351.45,REG,ROM,REG,3,9,goto,-75
288,28,133,105,130,12,13,7.68,72,1,376,184,249,0,0,7.280,345.68,REG,ROM,REG,6,0,inline,0
288,28,133,105,130,12,13,7.68,72,1,376,184,249,0,0,7.280,345.68,REG,ROM,REG,6,0,inline,-25
288,28,133,105,130,12,13,7.68,72,1,376,184,249,0,0,7.280,345.68,REG,ROM,REG,6,0,inline,-50
288,28,133,105,130,12,13,7.68,72,1,376,184,249,0,0,7.280,345.68,REG,ROM,REG,6,0,inline,-75
335,28,125,168,184,12,14,8.22,72,1,416,247,266,0,0,7.958,350.36,REG,ROM,REG,6,0,goto,0
335,28,125,168,184,12,14,8.22,72,1,416,247,266,0,0,7.958,350.36,REG,ROM,REG,6,0,goto,-25
335,28,125,168,184,12,14,8.22,72,1,416,247,266,0,0,7.958,350.36,REG,ROM,REG,6,0,goto,-50
335,28,125,168,184,12,14,8.22,72,1,416,247,266,0,0,7.958,350.36,REG,ROM,REG,6,0,goto,-75
410,19,144,135,232,13,21,9.12,72,3,593,217,366,0,0,8.935,347.14,REG,ROM,REG,6,3,inline,0
410,19,144,135,232,13,21,9.12,72,3,593,217,366,0,0,8.935,347.14,REG,ROM,REG,6,3,inline,-25
410,19,144,135,232,13,21,9.12,72,3,593,217,366,0,0,8.935,347.14,REG,ROM,REG,6,3,inline,-50
410,19,144,135,232,13,21,9.12,72,3,593,217,366,0,0,8.935,347.14,REG,ROM,REG,6,3,inline,-75
478,19,170,211,275,13,20,9.2893,72,3,554,292,364,2,0,9.854,353.62,REG,ROM,REG,6,3,goto,0
478,19,170,211,275,13,20,9.2893,72,3,554,292,364,2,0,9.854,353.62,REG,ROM,REG,6,3,goto,-25
478,19,170,211,275,13,20,9.2893,72,3,554,292,364,2,0,9.854,353.62,REG,ROM,REG,6,3,goto,-50
478,19,170,211,275,13,20,9.2893,72,3,554,292,364,2,0,9.854,353.62,REG,ROM,REG,6,3,goto,-75
157,2,124,33,28,1,4,7.2425,0,0,131,31,76,0,0,0.902,345.04,REG,ROM,REG,6,6,inline,0
157,2,124,33,28,1,4,7.2425,0,0,131,31,76,0,0,0.902,345.04,REG,ROM,REG,6,6,inline,-25
163,3,115,51,42,2,4,7.2425,0,0,154,51,88,0,0,7.288,345.78,REG,ROM,REG,6,6,inline,-50
163,3,115,51,42,2,4,7.2425,0,0,154,51,88,0,0,7.288,345.78,REG,ROM,REG,6,6,inline,-75
170,2,104,36,60,1,5,7.83,0,0,170,36,98,0,0,3.479,350.08,REG,ROM,REG,6,6,goto,0
170,2,104,36,60,1,5,7.83,0,0,170,36,98,0,0,3.479,350.08,REG,ROM,REG,6,6,goto,-25
188,3,84,60,96,2,6,8.2175,0,0,181,61,112,0,0,7.065,361.79,REG,ROM,REG,6,6,goto,-50
188,3,84,60,96,2,6,8.2175,0,0,181,61,112,0,0,7.065,361.79,REG,ROM,REG,6,6,goto,-75
157,2,124,33,28,1,4,7.2425,0,0,131,31,76,0,0,0.902,345.04,REG,ROM,REG,6,9,inline,0
157,2,124,33,28,1,4,7.2425,0,0,131,31,76,0,0,0.902,345.04,REG,ROM,REG,6,9,inline,-25
163,3,115,51,42,2,4,7.2425,0,0,154,51,88,0,0,7.288,345.78,REG,ROM,REG,6,9,inline,-50
163,3,115,51,42,2,4,7.2425,0,0,154,51,88,0,0,7.288,345.78,REG,ROM,REG,6,9,inline,-75
170,2,104,36,60,1,5,7.83,0,0,170,36,98,0,0,3.479,350.08,REG,ROM,REG,6,9,goto,0
170,2,104,36,60,1,5,7.83,0,0,170,36,98,0,0,3.479,350.08,REG,ROM,REG,6,9,goto,-25
188,3,84,60,96,2,6,8.2175,0,0,181,61,112,0,0,7.065,361.79,REG,ROM,REG,6,9,goto,-50
188,3,84,60,96,2,6,8.2175,0,0,181,61,112,0,0,7.065,361.79,REG,ROM,REG,6,9,goto,-75
288,28,133,105,130,12,13,7.68,72,1,376,184,249,0,0,7.280,345.68,REG,ROM,REG,9,0,inline,0
288,28,133,105,130,12,13,7.68,72,1,376,184,249,0,0,7.280,345.68,REG,ROM,REG,9,0,inline,-25
288,28,133,105,130,12,13,7.68,72,1,376,184,249,0,0,7.280,345.68,REG,ROM,REG,9,0,inline,-50
288,28,133,105,130,12,13,7.68,72,1,376,184,249,0,0,7.280,345.68,REG,ROM,REG,9,0,inline,-75
335,28,125,168,184,12,14,8.22,72,1,416,247,266,0,0,7.958,350.36,REG,ROM,REG,9,0,goto,0
335,28,125,168,184,12,14,8.22,72,1,416,247,266,0,0,7.958,350.36,REG,ROM,REG,9,0,goto,-25
335,28,125,168,184,12,14,8.22,72,1,416,247,266,0,0,7.958,350.36,REG,ROM,REG,9,0,goto,-50
335,28,125,168,184,12,14,8.22,72,1,416,247,266,0,0,7.958,350.36,REG,ROM,REG,9,0,goto,-75
410,19,144,135,232,13,21,9.12,72,3,593,217,366,0,0,8.935,347.14,REG,ROM,REG,9,3,inline,0
410,19,144,135,232,13,21,9.12,72,3,593,217,366,0,0,8.935,347.14,REG,ROM,REG,9,3,inline,-25
410,19,144,135,232,13,21,9.12,72,3,593,217,366,0,0,8.935,347.14,REG,ROM,REG,9,3,inline,-50
410,19,144,135,232,13,21,9.12,72,3,593,217,366,0,0,8.935,347.14,REG,ROM,REG,9,3,inline,-75
478,19,170,211,275,13,20,9.2893,72,3,554,292,364,2,0,9.854,353.62,REG,ROM,REG,9,3,goto,0
478,19,170,211,275,13,20,9.2893,72,3,554,292,364,2,0,9.854,353.62,REG,ROM,REG,9,3,goto,-25
478,19,170,211,275,13,20,9.2893,72,3,554,292,364,2,0,9.854,353.62,REG,ROM,REG,9,3,goto,-50
478,19,170,211,275,13,20,9.2893,72,3,554,292,364,2,0,9.854,353.62,REG,ROM,REG,9,3,goto,-75
157,2,124,33,28,1,4,7.2425,0,0,131,31,76,0,0,0.902,345.04,REG,ROM,REG,9,6,inline,0
157,2,124,33,28,1,4,7.2425,0,0,131,31,76,0,0,0.902,345.04,REG,ROM,REG,9,6,inline,-25
163,3,115,51,42,2,4,7.2425,0,0,154,51,88,0,0,7.288,345.78,REG,ROM,REG,9,6,inline,-50
163,3,115,51,42,2,4,7.2425,0,0,154,51,88,0,0,7.288,345.78,REG,ROM,REG,9,6,inline,-75
170,2,104,36,60,1,5,7.83,0,0,170,36,98,0,0,3.479,350.08,REG,ROM,REG,9,6,goto,0
170,2,104,36,60,1,5,7.83,0,0,170,36,98,0,0,3.479,350.08,REG,ROM,REG,9,6,goto,-25
188,3,84,60,96,2,6,8.2175,0,0,181,61,112,0,0,7.065,361.79,REG,ROM,REG,9,6,goto,-50
188,3,84,60,96,2,6,8.2175,0,0,181,61,112,0,0,7.065,361.79,REG,ROM,REG,9,6,goto,-75
157,2,124,33,28,1,4,7.2425,0,0,131,31,76,0,0,0.902,345.04,REG,ROM,REG,9,9,inline,0
157,2,124,33,28,1,4,7.2425,0,0,131,31,76,0,0,0.902,345.04,REG,ROM,REG,9,9,inline,-25
163,3,115,51,42,2,4,7.2425,0,0,154,51,88,0,0,7.288,345.78,REG,ROM,REG,9,9,inline,-50
163,3,115,51,42,2,4,7.2425,0,0,154,51,88,0,0,7.288,345.78,REG,ROM,REG,9,9,inline,-75
170,2,104,36,60,1,5,7.83,0,0,170,36,98,0,0,3.479,350.08,REG,ROM,REG,9,9,goto,0
170,2,104,36,60,1,5,7.83,0,0,170,36,98,0,0,3.479,350.08,REG,ROM,REG,9,9,goto,-25
188,3,84,60,96,2,6,8.2175,0,0,181,61,112,0,0,7.065,361.79,REG,ROM,REG,9,9,goto,-50
188,3,84,60,96,2,6,8.2175,0,0,181,61,112,0,0,7.065,361.79,REG,ROM,REG,9,9,goto,-75
297,28,152,140,121,12,12,7.68,72,2,346,148,199,0,1,8.855,345.17,RAM,REG,REG,0,0,inline,0
297,28,152,140,121,12,12,7.68,72,2,346,148,199,0,1,8.855,345.17,RAM,REG,REG,0,0,inline,-25
297,28,152,140,121,12,12,7.68,72,2,346,148,199,0,1,8.855,345.17,RAM,REG,REG,0,0,inline,-50
297,28,152,140,121,12,12,7.68,72,2,346,148,199,0,1,8.855,345.17,RAM,REG,REG,0,0,inline,-75
308,28,129,169,154,12,13,8.22,72,2,408,177,213,0,1,9.670,345.20,RAM,REG,REG,0,0,goto,0
308,28,129,169,154,12,13,8.22,72,2,408,177,213,0,1,9.670,345.20,RAM,REG,REG,0,0,goto,-25
308,28,129,169,154,12,13,8.22,72,2,408,177,213,0,1,9.670,345.20,RAM,REG,REG,0,0,goto,-50
308,28,129,169,154,12,13,8.22,72,2,408,177,213,0,1,9.670,345.20,RAM,REG,REG,0,0,goto,-75
552,40,136,142,380,16,20,11.7193,72,1,465,154,243,0,1,9.653,346.07,RAM,REG,REG,0,3,inline,0
552,40,136,142,380,16,20,11.7193,72,1,465,154,243,0,1,9.653,346.07,RAM,REG,REG,0,3,inline,-25
552,40,136,142,380,16,20,11.7193,72,1,465,154,243,0,1,9.653,346.07,RAM,REG,REG,0,3,inline,-50
552,40,136,142,380,16,20,11.7193,72,1,465,154,243,0,1,9.653,346.07,RAM,REG,REG,0,3,inline,-75
533,40,113,174,383,16,21,11.7193,72,1,465,188,247,0,1,9.847,343.71,RAM,REG,REG,0,3,goto,0
533,40,113,174,383,16,21,11.7193,72,1,465,188,247,0,1,9.847,343.71,RAM,REG,REG,0,3,goto,-25
533,40,113,174,383,16,21,11.7193,72,1,465,188,247,0,1,9.847,343.71,RAM,REG,REG,0,3,goto,-50
533,40,113,174,383,16,21,11.7193,72,1,465,188,247,0,1,9.847,343.71,RAM,REG,REG,0,3,goto,-75
297,34,148,87,112,18,19,7.68,72,1,303,100,183,0,1,8.818,342.79,RAM,REG,REG,0,6,inline,0
297,34,148,87,112,18,19,7.68,72,1,303,100,183,0,1,8.818,342.79,RAM,REG,REG,0,6,inline,-25
297,34,148,87,112,18,19,7.68,72,1,303,100,183,0,1,8.818,342.79,RAM,REG,REG,0,6,inline,-50
297,34,148,87,112,18,19,7.68,72,1,303,100,183,0,1,8.818,342.79,RAM,REG,REG,0,6,inline,-75
382,34,136,149,209,18,19,8.22,72,1,360,162,205,0,1,9.276,348.72,RAM,REG,REG,0,6,goto,0
382,34,136,149,209,18,19,8.22,72,1,360,162,205,0,1,9.276,348.72,RAM,REG,REG,0,6,goto,-25
382,34,136,149,209,18,19,8.22,72,1,360,162,205,0,1,9.276,348.72,RAM,REG,REG,0,6,goto,-50
382,34,136,149,209,18,19,8.22,72,1,360,162,205,0,1,9.276,348.72,RAM,REG,REG,0,6,goto,-75
297,34,148,87,112,18,19,7.68,72,1,303,100,183,0,1,8.818,342.79,RAM,REG,REG,0,9,inline,0
297,34,148,87,112,18,19,7.68,72,1,303,100,183,0,1,8.818,342.79,RAM,REG,REG,0,9,inline,-25
297,34,148,87,112,18,19,7.68,72,1,303,100,183,0,1,8.818,342.79,RAM,REG,REG,0,9,inline,-50
297,34,148,87,112,18,19,7.68,72,1,303,100,183,0,1,8.818,342.79,RAM,REG,REG,0,9,inline,-75
382,34,136,149,209,18,19,8.22,72,1,360,162,205,0,1,9.276,348.72,RAM,REG,REG,0,9,goto,0
382,34,136,149,209,18,19,8.22,72,1,360,162,205,0,1,9.276,348.72,RAM,REG,REG,0,9,goto,-25
382,34,136,149,209,18,19,8.22,72,1,360,162,205,0,1,9.276,348.72,RAM,REG,REG,0,9,goto,-50
382,34,136,149,209,18,19,8.22,72,1,360,162,205,0,1,9.276,348.72,RAM,REG,REG,0,9,goto,-75
520,40,136,142,346,16,22,10.9093,72,1,463,156,245,0,1,9.201,344.89,RAM,REG,REG,3,0,inline,0
520,40,136,142,346,16,22,10.9093,72,1,463,156,245,0,1,9.201,344.89,RAM,REG,REG,3,0,inline,-25
520,40,136,142,346,16,22,10.9093,72,1,463,156,245,0,1,9.201,344.89,RAM,REG,REG,3,0,inline,-50
520,40,136,142,346,16,22,10.9093,72,1,463,156,245,0,1,9.201,344.89,RAM,REG,REG,3,0,inline,-75
501,40,113,174,350,16,22,10.9093,72,1,465,185,242,0,1,9.225,345.51,RAM,REG,REG,3,0,goto,0
501,40,113,174,350,16,22,10.9093,72,1,465,185,242,0,1,9.225,345.51,RAM,REG,REG,3,0,goto,-25
501,40,113,174,350,16,22,10.9093,72,1,465,185,242,0,1,9.225,345.51,RAM,REG,REG,3,0,goto,-50
501,40,113,174,350,16,22,10.9093,72,1,465,185,242,0,1,9.225,345.51,RAM,REG,REG,3,0,goto,-75
467,22,197,146,241,14,15,8.5993,72,3,442,154,251,0,1,9.055,345.64,RAM,REG,REG,3,3,inline,0
467,22,197,146,241,14,15,8.5993,72,3,442,154,251,0,1,9.055,345.64,RAM,REG,REG,3,3,inline,-25
467,22,197,146,241,14,15,8.5993,72,3,442,154,251,0,1,9.055,345.64,RAM,REG,REG,3,3,inline,-50
467,22,197,146,241,14,15,8.5993,72,3,442,154,251,0,1,9.055,345.64,RAM,REG,REG,3,3,inline,-75
528,22,141,173,356,14,17,11.5993,72,2,588,186,308,0,1,9.818,343.45,RAM,REG,REG,3,3,goto,0
528,22,141,173,356,14,17,11.5993,72,2,588,186,308,0,1,9.818,343.45,RAM,REG,REG,3,3,goto,-25
528,22,141,173,356,14,17,11.5993,72,2,588,186,308,0,1,9.818,343.45,RAM,REG,REG,3,3,goto,-50
528,22,141,173,356,14,17,11.5993,72,2,588,186,308,0,1,9.818,343.45,RAM,REG,REG,3,3,goto,-75
397,32,168,143,186,21,22,8.1943,72,1,352,159,236,0,1,8.690,344.50,RAM,REG,REG,3,6,inline,0
397,32,168,143,186,21,22,8.1943,72,1,352,159,236,0,1,8.690,344.50,RAM,REG,REG,3,6,inline,-25
397,32,168,143,186,21,22,8.1943,72,1,352,159,236,0,1,8.690,344.50,RAM,REG,REG,3,6,inline,-50
397,32,168,143,186,21,22,8.1943,72,1,352,159,236,0,1,8.690,344.50,RAM,REG,REG,3,6,inline,-75
485,34,148,175,294,21,22,8.22,72,1,439,191,259,0,1,9.575,348.72,RAM,REG,REG,3,6,goto,0
485,34,148,175,294,21,22,8.22,72,1,439,191,259,0,1,9.575,348.72,RAM,REG,REG,3,6,goto,-25
485,34,148,175,294,21,22,8.22,72,1,439,191,259,0,1,9.575,348.72,RAM,REG,REG,3,6,goto,-50
485,34,148,175,294,21,22,8.22,72,1,439,191,259,0,1,9.575,348.72,RAM,REG,REG,3,6,goto,-75
397,32,168,143,186,21,22,8.1943,72,1,352,159,236,0,1,8.690,344.50,RAM,REG,REG,3,9,inline,0
397,32,168,143,186,21,22,8.1943,72,1,352,159,236,0,1,8.690,344.50,RAM,REG,REG,3,9,inline,-25
397,32,168,143,186,21,22,8.1943,72,1,352,159,236,0,1,8.690,344.50,RAM,REG,REG,3,9,inline,-50
397,32,168,143,186,21,22,8.1943,72,1,352,159,236,0,1,8.690,344.50,RAM,REG,REG,3,9,inline,-75
485,34,148,175,294,21,22,8.22,72,1,439,191,259,0,1,9.575,348.72,RAM,REG,REG,3,9,goto,0
485,34,148,175,294,21,22,8.22,72,1,439,191,259,0,1,9.575,348.72,RAM,REG,REG,3,9,goto,-25
485,34,148,175,294,21,22,8.22,72,1,439,191,259,0,1,9.575,348.72,RAM,REG,REG,3,9,goto,-50
485,34,148,175,294,21,22,8.22,72,1,439,191,259,0,1,9.575,348.72,RAM,REG,REG,3,9,goto,-75
287,28,133,123,129,12,13,7.68,72,1,273,131,180,0,1,8.858,344.66,RAM,REG,REG,6,0,inline,0
287,28,133,123,129,12,13,7.68,72,1,273,131,180,0,1,8.858,344.66,RAM,REG,REG,6,0,inline,-25
287,28,133,123,129,12,13,7.68,72,1,273,131,180,0,1,8.858,344.66,RAM,REG,REG,6,0,inline,-50
287,28,133,123,129,12,13,7.68,72,1,273,131,180,0,1,8.858,344.66,RAM,REG,REG,6,0,inline,-75
335,28,125,188,184,12,14,8.22,72,1,365,196,209,0,1,8.898,346.70,RAM,REG,REG,6,0,goto,0
335,28,125,188,184,12,14,8.22,72,1,365,196,209,0,1,8.898,346.70,RAM,REG,REG,6,0,goto,-25
335,28,125,188,184,12,14,8.22,72,1,365,196,209,0,1,8.898,346.70,RAM,REG,REG,6,0,goto,-50
335,28,125,188,184,12,14,8.22,72,1,365,196,209,0,1,8.898,346.70,RAM,REG,REG,6,0,goto,-75
354,22,145,127,178,14,17,9.4093,72,1,331,138,212,0,1,8.707,345.18,RAM,REG,REG,6,3,inline,0
354,22,145,127,178,14,17,9.4093,72,1,331,138,212,0,1,8.707,345.18,RAM,REG,REG,6,3,inline,-25
354,22,145,127,178,14,17,9.4093,72,1,331,138,212,0,1,8.707,345.18,RAM,REG,REG,6,3,inline,-50
354,22,145,127,178,14,17,9.4093,72,1,331,138,212,0,1,8.707,345.18,RAM,REG,REG,6,3,inline,-75
433,22,137,192,264,14,18,9.4093,72,1,404,205,250,0,1,8.797,346.97,RAM,REG,REG,6,3,goto,0
433,22,137,192,264,14,18,9.4093,72,1,404,205,250,0,1,8.797,346.97,RAM,REG,REG,6,3,goto,-25
433,22,137,192,264,14,18,9.4093,72,1,404,205,250,0,1,8.797,346.97,RAM,REG,REG,6,3,goto,-50
433,22,137,192,264,14,18,9.4093,72,1,404,205,250,0,1,8.797,346.97,RAM,REG,REG,6,3,goto,-75
157,2,124,33,28,1,4,7.2425,0,0,131,31,76,0,0,0.902,345.04,RAM,REG,REG,6,6,inline,0
157,2,124,33,28,1,4,7.2425,0,0,131,31,76,0,0,0.902,345.04,RAM,REG,REG,6,6,inline,-25
163,3,115,51,42,2,4,7.2425,0,0,154,51,88,0,0,7.143,345.72,RAM,REG,REG,6,6,inline,-50
163,3,115,51,42,2,4,7.2425,0,0,154,51,88,0,0,7.143,345.72,RAM,REG,REG,6,6,inline,-75
170,2,104,36,60,1,5,7.83,0,0,170,36,98,0,0,3.479,350.08,RAM,REG,REG,6,6,goto,0
170,2,104,36,60,1,5,7.83,0,0,170,36,98,0,0,3.479,350.08,RAM,REG,REG,6,6,goto,-25
188,3,84,60,96,2,6,8.2175,0,0,181,61,112,0,0,7.817,361.87,RAM,REG,REG,6,6,goto,-50
188,3,84,60,96,2,6,8.2175,0,0,181,61,112,0,0,7.817,361.87,RAM,REG,REG,6,6,goto,-75
157,2,124,33,28,1,4,7.2425,0,0,131,31,76,0,0,0.902,345.04,RAM,REG,REG,6,9,inline,0
157,2,124,33,28,1,4,7.2425,0,0,131,31,76,0,0,0.902,345.04,RAM,REG,REG,6,9,inline,-25
163,3,115,51,42,2,4,7.2425,0,0,154,51,88,0,0,7.143,345.72,RAM,REG,REG,6,9,inline,-50
163,3,115,51,42,2,4,7.2425,0,0,154,51,88,0,0,7.143,345.72,RAM,REG,REG,6,9,inline,-75
170,2,104,36,60,1,5,7.83,0,0,170,36,98,0,0,3.479,350.08,RAM,REG,REG,6,9,goto,0
170,2,104,36,60,1,5,7.83,0,0,170,36,98,0,0,3.479,350.08,RAM,REG,REG,6,9,goto,-25
188,3,84,60,96,2,6,8.2175,0,0,181,61,112,0,0,7.817,361.87,RAM,REG,REG,6,9,goto,-50
188,3,84,60,96,2,6,8.2175,0,0,181,61,112,0,0,7.817,361.87,RAM,REG,REG,6,9,goto,-75
287,28,133,123,129,12,13,7.68,72,1,273,131,180,0,1,8.858,344.66,RAM,REG,REG,9,0,inline,0
287,28,133,123,129,12,13,7.68,72,1,273,131,180,0,1,8.858,344.66,RAM,REG,REG,9,0,inline,-25
287,28,133,123,129,12,13,7.68,72,1,273,131,180,0,1,8.858,344.66,RAM,REG,REG,9,0,inline,-50
287,28,133,123,129,12,13,7.68,72,1,273,131,180,0,1,8.858,344.66,RAM,REG,REG,9,0,inline,-75
335,28,125,188,184,12,14,8.22,72,1,365,196,209,0,1,8.898,346.70,RAM,REG,REG,9,0,goto,0
335,28,125,188,184,12,14,8.22,72,1,365,196,209,0,1,8.898,346.70,RAM,REG,REG,9,0,goto,-25
335,28,125,188,184,12,14,8.22,72,1,365,196,209,0,1,8.898,346.70,RAM,REG,REG,9,0,goto,-50
335,28,125,188,184,12,14,8.22,72,1,365,196,209,0,1,8.898,346.70,RAM,REG,REG,9,0,goto,-75
354,22,145,127,178,14,17,9.4093,72,1,331,138,212,0,1,8.707,345.18,RAM,REG,REG,9,3,inline,0
354,22,145,127,178,14,17,9.4093,72,1,331,138,212,0,1,8.707,345.18,RAM,REG,REG,9,3,inline,-25
354,22,145,127,178,14,17,9.4093,72,1,331,138,212,0,1,8.707,345.18,RAM,REG,REG,9,3,inline,-50
354,22,145,127,178,14,17,9.4093,72,1,331,138,212,0,1,8.707,345.18,RAM,REG,REG,9,3,inline,-75
433,22,137,192,264,14,18,9.4093,72,1,404,205,250,0,1,8.797,346.97,RAM,REG,REG,9,3,goto,0
433,22,137,192,264,14,18,9.4093,72,1,404,205,250,0,1,8.797,346.97,RAM,REG,REG,9,3,goto,-25
433,22,137,192,264,14,18,9.4093,72,1,404,205,250,0,1,8.797,346.97,RAM,REG,REG,9,3,goto,-50
433,22,137,192,264,14,18,9.4093,72,1,404,205,250,0,1,8.797,346.97,RAM,REG,REG,9,3,goto,-75
157,2,124,33,28,1,4,7.2425,0,0,131,31,76,0,0,0.902,345.04,RAM,REG,REG,9,6,inline,0
157,2,124,33,28,1,4,7.2425,0,0,131,31,76,0,0,0.902,345.04,RAM,REG,REG,9,6,inline,-25
163,3,115,51,42,2,4,7.2425,0,0,154,51,88,0,0,7.143,345.72,RAM,REG,REG,9,6,inline,-50
163,3,115,51,42,2,4,7.2425,0,0,154,51,88,0,0,7.143,345.72,RAM,REG,REG,9,6,inline,-75
170,2,104,36,60,1,5,7.83,0,0,170,36,98,0,0,3.479,350.08,RAM,REG,REG,9,6,goto,0
170,2,104,36,60,1,5,7.83,0,0,170,36,98,0,0,3.479,350.08,RAM,REG,REG,9,6,goto,-25
188,3,84,60,96,2,6,8.2175,0,0,181,61,112,0,0,7.817,361.87,RAM,REG,REG,9,6,goto,-50
188,3,84,60,96,2,6,8.2175,0,0,181,61,112,0,0,7.817,361.87,RAM,REG,REG,9,6,goto,-75
157,2,124,33,28,1,4,7.2425,0,0,131,31,76,0,0,0.902,345.04,RAM,REG,REG,9,9,inline,0
157,2,124,33,28,1,4,7.2425,0,0,131,31,76,0,0,0.902,345.04,RAM,REG,REG,9,9,inline,-25
163,3,115,51,42,2,4,7.2425,0,0,154,51,88,0,0,7.143,345.72,RAM,REG,REG,9,9,inline,-50
163,3,115,51,42,2,4,7.2425,0,0,154,51,88,0,0,7.143,345.72,RAM,REG,REG,9,9,inline,-75
170,2,104,36,60,1,5,7.83,0,0,170,36,98,0,0,3.479,350.08,RAM,REG,REG,9,9,goto,0
170,2,104,36,60,1,5,7.83,0,0,170,36,98,0,0,3.479,350.08,RAM,REG,REG,9,9,goto,-25
188,3,84,60,96,2,6,8.2175,0,0,181,61,112,0,0,7.817,361.87,RAM,REG,REG,9,9,goto,-50
188,3,84,60,96,2,6,8.2175,0,0,181,61,112,0,0,7.817,361.87,RAM,REG,REG,9,9,goto,-75
296,28,152,108,120,12,12,7.68,99,2,374,119,201,0,2,9.491,344.31,RAM,ROM,REG,0,0,inline,0
296,28,152,108,120,12,12,7.68,99,2,374,119,201,0,2,9.491,344.31,RAM,ROM,REG,0,0,inline,-25
296,28,152,108,120,12,12,7.68,99,2,374,119,201,0,2,9.491,344.31,RAM,ROM,REG,0,0,inline,-50
296,28,152,108,120,12,12,7.68,99,2,374,119,201,0,2,9.491,344.31,RAM,ROM,REG,0,0,inline,-75
338,28,129,137,184,12,13,8.22,99,2,376,148,199,0,2,9.130,345.19,RAM,ROM,REG,0,0,goto,0
338,28,129,137,184,12,13,8.22,99,2,376,148,199,0,2,9.130,345.19,RAM,ROM,REG,0,0,goto,-25
338,28,129,137,184,12,13,8.22,99,2,376,148,199,0,2,9.130,345.19,RAM,ROM,REG,0,0,goto,-50
338,28,129,137,184,12,13,8.22,99,2,376,148,199,0,2,9.130,345.19,RAM,ROM,REG,0,0,goto,-75
419,40,169,110,214,16,20,10.2193,99,2,413,125,238,0,2,9.216,344.82,RAM,ROM,REG,0,3,inline,0
419,40,169,110,214,16,20,10.2193,99,2,413,125,238,0,2,9.216,344.82,RAM,ROM,REG,0,3,inline,-25
419,40,169,110,214,16,20,10.2193,99,2,413,125,238,0,2,9.216,344.82,RAM,ROM,REG,0,3,inline,-50
419,40,169,110,214,16,20,10.2193,99,2,413,125,238,0,2,9.216,344.82,RAM,ROM,REG,0,3,inline,-75
432,40,146,142,249,16,21,10.7893,99,2,443,158,235,0,2,9.045,342.85,RAM,ROM,REG,0,3,goto,0
432,40,146,142,249,16,21,10.7893,99,2,443,158,235,0,2,9.045,342.85,RAM,ROM,REG,0,3,goto,-25
432,40,146,142,249,16,21,10.7893,99,2,443,158,235,0,2,9.045,342.85,RAM,ROM,REG,0,3,goto,-50
432,40,146,142,249,16,21,10.7893,99,2,443,158,235,0,2,9.045,342.85,RAM,ROM,REG,0,3,goto,-75
295,34,148,84,110,18,19,7.68,99,1,300,100,184,0,2,8.699,343.01,RAM,ROM,REG,0,6,inline,0
295,34,148,84,110,18,19,7.68,99,1,300,100,184,0,2,8.699,343.01,RAM,ROM,REG,0,6,inline,-25
295,34,148,84,110,18,19,7.68,99,1,300,100,184,0,2,8.699,343.01,RAM,ROM,REG,0,6,inline,-50
295,34,148,84,110,18,19,7.68,99,1,300,100,184,0,2,8.699,343.01,RAM,ROM,REG,0,6,inline,-75
379,34,136,117,207,18,18,8.22,99,1,322,133,190,0,2,9.070,344.38,RAM,ROM,REG,0,6,goto,0
379,34,136,117,207,18,18,8.22,99,1,322,133,190,0,2,9.070,344.38,RAM,ROM,REG,0,6,goto,-25
379,34,136,117,207,18,18,8.22,99,1,322,133,190,0,2,9.070,344.38,RAM,ROM,REG,0,6,goto,-50
379,34,136,117,207,18,18,8.22,99,1,322,133,190,0,2,9.070,344.38,RAM,ROM,REG,0,6,goto,-75
295,34,148,84,110,18,19,7.68,99,1,300,100,184,0,2,8.699,343.01,RAM,ROM,REG,0,9,inline,0
295,34,148,84,110,18,19,7.68,99,1,300,100,184,0,2,8.699,343.01,RAM,ROM,REG,0,9,inline,-25
295,34,148,84,110,18,19,7.68,99,1,300,100,184,0,2,8.699,343.01,RAM,ROM,REG,0,9,inline,-50
295,34,148,84,110,18,19,7.68,99,1,300,100,184,0,2,8.699,343.01,RAM,ROM,REG,0,9,inline,-75
379,34,136,117,207,18,18,8.22,99,1,322,133,190,0,2,9.070,344.38,RAM,ROM,REG,0,9,goto,0
379,34,136,117,207,18,18,8.22,99,1,322,133,190,0,2,9.070,344.38,RAM,ROM,REG,0,9,goto,-25
379,34,136,117,207,18,18,8.22,99,1,322,133,190,0,2,9.070,344.38,RAM,ROM,REG,0,9,goto,-50
379,34,136,117,207,18,18,8.22,99,1,322,133,190,0,2,9.070,344.38,RAM,ROM,REG,0,9,goto,-75
383,40,169,106,181,16,17,7.9093,99,2,376,120,215,0,1,9.071,346.36,RAM,ROM,REG,3,0,inline,0
383,40,169,106,181,16,17,7.9093,99,2,376,120,215,0,1,9.071,346.36,RAM,ROM,REG,3,0,inline,-25
383,40,169,106,181,16,17,7.9093,99,2,376,120,215,0,1,9.071,346.36,RAM,ROM,REG,3,0,inline,-50
383,40,169,106,181,16,17,7.9093,99,2,376,120,215,0,1,9.071,346.36,RAM,ROM,REG,3,0,inline,-75
396,40,146,138,216,16,18,8.4793,99,2,408,152,215,0,1,8.788,342.62,RAM,ROM,REG,3,0,goto,0
396,40,146,138,216,16,18,8.4793,99,2,408,152,215,0,1,8.788,342.62,RAM,ROM,REG,3,0,goto,-25
396,40,146,138,216,16,18,8.4793,99,2,408,152,215,0,1,8.788,342.62,RAM,ROM,REG,3,0,goto,-50
396,40,146,138,216,16,18,8.4793,99,2,408,152,215,0,1,8.788,342.62,RAM,ROM,REG,3,0,goto,-75
370,22,164,141,176,14,16,9.4093,99,2,407,155,234,0,1,9.543,345.00,RAM,ROM,REG,3,3,inline,0
370,22,164,141,176,14,16,9.4093,99,2,407,155,234,0,1,9.543,345.00,RAM,ROM,REG,3,3,inline,-25
370,22,164,141,176,14,16,9.4093,99,2,407,155,234,0,1,9.543,345.00,RAM,ROM,REG,3,3,inline,-50
370,22,164,141,176,14,16,9.4093,99,2,407,155,234,0,1,9.543,345.00,RAM,ROM,REG,3,3,inline,-75
445,22,141,141,273,14,17,10.4893,99,2,471,155,250,0,1,9.631,343.25,RAM,ROM,REG,3,3,goto,0
445,22,141,141,273,14,17,10.4893,99,2,471,155,250,0,1,9.631,343.25,RAM,ROM,REG,3,3,goto,-25
445,22,141,141,273,14,17,10.4893,99,2,471,155,250,0,1,9.631,343.25,RAM,ROM,REG,3,3,goto,-50
445,22,141,141,273,14,17,10.4893,99,2,471,155,250,0,1,9.631,343.25,RAM,ROM,REG,3,3,goto,-75
344,32,168,111,135,21,20,8.82,99,1,340,128,212,0,1,9.393,342.75,RAM,ROM,REG,3,6,inline,0
344,32,168,111,135,21,20,8.82,99,1,340,128,212,0,1,9.393,342.75,RAM,ROM,REG,3,6,inline,-25
344,32,168,111,135,21,20,8.82,99,1,340,128,212,0,1,9.393,342.75,RAM,ROM,REG,3,6,inline,-50
344,32,168,111,135,21,20,8.82,99,1,340,128,212,0,1,9.393,342.75,RAM,ROM,REG,3,6,inline,-75
435,34,148,146,245,21,21,9.63,99,1,395,160,238,0,2,9.325,346.54,RAM,ROM,REG,3,6,goto,0
435,34,148,146,245,21,21,9.63,99,1,395,160,238,0,2,9.325,346.54,RAM,ROM,REG,3,6,goto,-25
435,34,148,146,245,21,21,9.63,99,1,395,160,238,0,2,9.325,346.54,RAM,ROM,REG,3,6,goto,-50
435,34,148,146,245,21,21,9.63,99,1,395,160,238,0,2,9.325,346.54,RAM,ROM,REG,3,6,goto,-75
344,32,168,111,135,21,20,8.82,99,1,340,128,212,0,1,9.393,342.75,RAM,ROM,REG,3,9,inline,0
344,32,168,111,135,21,20,8.82,99,1,340,128,212,0,1,9.393,342.75,RAM,ROM,REG,3,9,inline,-25
344,32,168,111,135,21,20,8.82,99,1,340,128,212,0,1,9.393,342.75,RAM,ROM,REG,3,9,inline,-50
344,32,168,111,135,21,20,8.82,99,1,340,128,212,0,1,9.393,342.75,RAM,ROM,REG,3,9,inline,-75
435,34,148,146,245,21,21,9.63,99,1,395,160,238,0,2,9.325,346.54,RAM,ROM,REG,3,9,goto,0
435,34,148,146,245,21,21,9.63,99,1,395,160,238,0,2,9.325,346.54,RAM,ROM,REG,3,9,goto,-25
435,34,148,146,245,21,21,9.63,99,1,395,160,238,0,2,9.325,346.54,RAM,ROM,REG,3,9,goto,-50
435,34,148,146,245,21,21,9.63,99,1,395,160,238,0,2,9.325,346.54,RAM,ROM,REG,3,9,goto,-75
287,28,133,123,129,12,13,7.68,72,1,273,131,180,0,1,8.858,344.66,RAM,ROM,REG,6,0,inline,0
287,28,133,123,129,12,13,7.68,72,1,273,131,180,0,1,8.858,344.66,RAM,ROM,REG,6,0,inline,-25
287,28,133,123,129,12,13,7.68,72,1,273,131,180,0,1,8.858,344.66,RAM,ROM,REG,6,0,inline,-50
287,28,133,123,129,12,13,7.68,72,1,273,131,180,0,1,8.858,344.66,RAM,ROM,REG,6,0,inline,-75
335,28,125,188,184,12,14,8.22,72,1,365,196,209,0,1,8.898,346.70,RAM,ROM,REG,6,0,goto,0
335,28,125,188,184,12,14,8.22,72,1,365,196,209,0,1,8.898,346.70,RAM,ROM,REG,6,0,goto,-25
335,28,125,188,184,12,14,8.22,72,1,365,196,209,0,1,8.898,346.70,RAM,ROM,REG,6,0,goto,-50
335,28,125,188,184,12,14,8.22,72,1,365,196,209,0,1,8.898,346.70,RAM,ROM,REG,6,0,goto,-75
354,22,145,127,178,14,17,9.4093,72,1,331,138,212,0,1,8.707,345.18,RAM,ROM,REG,6,3,inline,0
354,22,145,127,178,14,17,9.4093,72,1,331,138,212,0,1,8.707,345.18,RAM,ROM,REG,6,3,inline,-25
354,22,145,127,178,14,17,9.4093,72,1,331,138,212,0,1,8.707,345.18,RAM,ROM,REG,6,3,inline,-50
354,22,145,127,178,14,17,9.4093,72,1,331,138,212,0,1,8.707,345.18,RAM,ROM,REG,6,3,inline,-75
433,22,137,192,264,14,18,9.4093,72,1,404,205,250,0,1,8.797,346.97,RAM,ROM,REG,6,3,goto,0
433,22,137,192,264,14,18,9.4093,72,1,404,205,250,0,1,8.797,346.97,RAM,ROM,REG,6,3,goto,-25
433,22,137,192,264,14,18,9.4093,72,1,404,205,250,0,1,8.797,346.97,RAM,ROM,REG,6,3,goto,-50
433,22,137,192,264,14,18,9.4093,72,1,404,205,250,0,1,8.797,346.97,RAM,ROM,REG,6,3,goto,-75
157,2,124,33,28,1,4,7.2425,0,0,131,31,76,0,0,0.902,345.04,RAM,ROM,REG,6,6,inline,0
157,2,124,33,28,1,4,7.2425,0,0,131,31,76,0,0,0.902,345.04,RAM,ROM,REG,6,6,inline,-25
163,3,115,51,42,2,4,7.2425,0,0,154,51,88,0,0,7.143,345.72,RAM,ROM,REG,6,6,inline,-50
163,3,115,51,42,2,4,7.2425,0,0,154,51,88,0,0,7.143,345.72,RAM,ROM,REG,6,6,inline,-75
170,2,104,36,60,1,5,7.83,0,0,170,36,98,0,0,3.479,350.08,RAM,ROM,REG,6,6,goto,0
170,2,104,36,60,1,5,7.83,0,0,170,36,98,0,0,3.479,350.08,RAM,ROM,REG,6,6,goto,-25
188,3,84,60,96,2,6,8.2175,0,0,181,61,112,0,0,7.817,361.87,RAM,ROM,REG,6,6,goto,-50
188,3,84,60,96,2,6,8.2175,0,0,181,61,112,0,0,7.817,361.87,RAM,ROM,REG,6,6,goto,-75
157,2,124,33,28,1,4,7.2425,0,0,131,31,76,0,0,0.902,345.04,RAM,ROM,REG,6,9,inline,0
157,2,124,33,28,1,4,7.2425,0,0,131,31,76,0,0,0.902,345.04,RAM,ROM,REG,6,9,inline,-25
163,3,115,51,42,2,4,7.2425,0,0,154,51,88,0,0,7.143,345.72,RAM,ROM,REG,6,9,inline,-50
163,3,115,51,42,2,4,7.2425,0,0,154,51,88,0,0,7.143,345.72,RAM,ROM,REG,6,9,inline,-75
170,2,104,36,60,1,5,7.83,0,0,170,36,98,0,0,3.479,350.08,RAM,ROM,REG,6,9,goto,0
170,2,104,36,60,1,5,7.83,0,0,170,36,98,0,0,3.479,350.08,RAM,ROM,REG,6,9,goto,-25
188,3,84,60,96,2,6,8.2175,0,0,181,61,112,0,0,7.817,361.87,RAM,ROM,REG,6,9,goto,-50
188,3,84,60,96,2,6,8.2175,0,0,181,61,112,0,0,7.817,361.87,RAM,ROM,REG,6,9,goto,-75
287,28,133,123,129,12,13,7.68,72,1,273,131,180,0,1,8.858,344.66,RAM,ROM,REG,9,0,inline,0
287,28,133,123,129,12,13,7.68,72,1,273,131,180,0,1,8.858,344.66,RAM,ROM,REG,9,0,inline,-25
287,28,133,123,129,12,13,7.68,72,1,273,131,180,0,1,8.858,344.66,RAM,ROM,REG,9,0,inline,-50
287,28,133,123,129,12,13,7.68,72,1,273,131,180,0,1,8.858,344.66,RAM,ROM,REG,9,0,inline,-75
335,28,125,188,184,12,14,8.22,72,1,365,196,209,0,1,8.898,346.70,RAM,ROM,REG,9,0,goto,0
335,28,125,188,184,12,14,8.22,72,1,365,196,209,0,1,8.898,346.70,RAM,ROM,REG,9,0,goto,-25
335,28,125,188,184,12,14,8.22,72,1,365,196,209,0,1,8.898,346.70,RAM,ROM,REG,9,0,goto,-50
335,28,125,188,184,12,14,8.22,72,1,365,196,209,0,1,8.898,346.70,RAM,ROM,REG,9,0,goto,-75
354,22,145,127,178,14,17,9.4093,72,1,331,138,212,0,1,8.707,345.18,RAM,ROM,REG,9,3,inline,0
354,22,145,127,178,14,17,9.4093,72,1,331,138,212,0,1,8.707,345.18,RAM,ROM,REG,9,3,inline,-25
354,22,145,127,178,14,17,9.4093,72,1,331,138,212,0,1,8.707,345.18,RAM,ROM,REG,9,3,inline,-50
354,22,145,127,178,14,17,9.4093,72,1,331,138,212,0,1,8.707,345.18,RAM,ROM,REG,9,3,inline,-75
433,22,137,192,264,14,18,9.4093,72,1,404,205,250,0,1,8.797,346.97,RAM,ROM,REG,9,3,goto,0
433,22,137,192,264,14,18,9.4093,72,1,404,205,250,0,1,8.797,346.97,RAM,ROM,REG,9,3,goto,-25
433,22,137,192,264,14,18,9.4093,72,1,404,205,250,0,1,8.797,346.97,RAM,ROM,REG,9,3,goto,-50
433,22,137,192,264,14,18,9.4093,72,1,404,205,250,0,1,8.797,346.97,RAM,ROM,REG,9,3,goto,-75
157,2,124,33,28,1,4,7.2425,0,0,131,31,76,0,0,0.902,345.04,RAM,ROM,REG,9,6,inline,0
157,2,124,33,28,1,4,7.2425,0,0,131,31,76,0,0,0.902,345.04,RAM,ROM,REG,9,6,inline,-25
163,3,115,51,42,2,4,7.2425,0,0,154,51,88,0,0,7.143,345.72,RAM,ROM,REG,9,6,inline,-50
163,3,115,51,42,2,4,7.2425,0,0,154,51,88,0,0,7.143,345.72,RAM,ROM,REG,9,6,inline,-75
170,2,104,36,60,1,5,7.83,0,0,170,36,98,0,0,3.479,350.08,RAM,ROM,REG,9,6,goto,0
170,2,104,36,60,1,5,7.83,0,0,170,36,98,0,0,3.479,350.08,RAM,ROM,REG,9,6,goto,-25
188,3,84,60,96,2,6,8.2175,0,0,181,61,112,0,0,7.817,361.87,RAM,ROM,REG,9,6,goto,-50
188,3,84,60,96,2,6,8.2175,0,0,181,61,112,0,0,7.817,361.87,RAM,ROM,REG,9,6,goto,-75
157,2,124,33,28,1,4,7.2425,0,0,131,31,76,0,0,0.902,345.04,RAM,ROM,REG,9,9,inline,0
157,2,124,33,28,1,4,7.2425,0,0,131,31,76,0,0,0.902,345.04,RAM,ROM,REG,9,9,inline,-25
163,3,115,51,42,2,4,7.2425,0,0,154,51,88,0,0,7.143,345.72,RAM,ROM,REG,9,9,inline,-50
163,3,115,51,42,2,4,7.2425,0,0,154,51,88,0,0,7.143,345.72,RAM,ROM,REG,9,9,inline,-75
170,2,104,36,60,1,5,7.83,0,0,170,36,98,0,0,3.479,350.08,RAM,ROM,REG,9,9,goto,0
170,2,104,36,60,1,5,7.83,0,0,170,36,98,0,0,3.479,350.08,RAM,ROM,REG,9,9,goto,-25
188,3,84,60,96,2,6,8.2175,0,0,181,61,112,0,0,7.817,361.87,RAM,ROM,REG,9,9,goto,-50
188,3,84,60,96,2,6,8.2175,0,0,181,61,112,0,0,7.817,361.87,RAM,ROM,REG,9,9,goto,-75
299,28,119,123,152,12,16,8.77,99,2,438,206,265,0,1,8.669,345.72,REG,REG,ROM,0,0,inline,0
299,28,119,123,152,12,16,8.77,99,2,438,206,265,0,1,8.669,345.72,REG,REG,ROM,0,0,inline,-25
299,28,119,123,152,12,16,8.77,99,2,438,206,265,0,1,8.669,345.72,REG,REG,ROM,0,0,inline,-50
299,28,119,123,152,12,16,8.77,99,2,438,206,265,0,1,8.669,345.72,REG,REG,ROM,0,0,inline,-75
369,28,96,123,248,12,13,9.03,99,2,460,207,291,0,1,6.989,345.31,REG,REG,ROM,0,0,goto,0
369,28,96,123,248,12,13,9.03,99,2,460,207,291,0,1,6.989,345.31,REG,REG,ROM,0,0,goto,-25
369,28,96,123,248,12,13,9.03,99,2,460,207,291,0,1,6.989,345.31,REG,REG,ROM,0,0,goto,-50
369,28,96,123,248,12,13,9.03,99,2,460,207,291,0,1,6.989,345.31,REG,REG,ROM,0,0,goto,-75
436,40,136,115,259,16,25,9.515,99,1,491,198,290,0,1,9.761,344.51,REG,REG,ROM,0,3,inline,0
436,40,136,115,259,16,25,9.515,99,1,491,198,290,0,1,9.761,344.51,REG,REG,ROM,0,3,inline,-25
436,40,136,115,259,16,25,9.515,99,1,491,198,290,0,1,9.761,344.51,REG,REG,ROM,0,3,inline,-50
436,40,136,115,259,16,25,9.515,99,1,491,198,290,0,1,9.761,344.51,REG,REG,ROM,0,3,inline,-75
510,40,113,147,357,16,24,9.515,99,1,557,233,324,0,1,9.329,346.22,REG,REG,ROM,0,3,goto,0
510,40,113,147,357,16,24,9.515,99,1,557,233,324,0,1,9.329,346.22,REG,REG,ROM,0,3,goto,-25
510,40,113,147,357,16,24,9.515,99,1,557,233,324,0,1,9.329,346.22,REG,REG,ROM,0,3,goto,-50
510,40,113,147,357,16,24,9.515,99,1,557,233,324,0,1,9.329,346.22,REG,REG,ROM,0,3,goto,-75
300,38,156,92,111,14,19,7.68,72,1,411,173,258,0,0,9.089,342.44,REG,REG,ROM,0,6,inline,0
300,38,156,92,111,14,19,7.68,72,1,411,173,258,0,0,9.089,342.44,REG,REG,ROM,0,6,inline,-25
300,38,156,92,111,14,19,7.68,72,1,411,173,258,0,0,9.089,342.44,REG,REG,ROM,0,6,inline,-50
300,38,156,92,111,14,19,7.68,72,1,411,173,258,0,0,9.089,342.44,REG,REG,ROM,0,6,inline,-75
370,38,148,135,188,14,20,8.22,72,1,419,216,258,0,0,9.676,346.03,REG,REG,ROM,0,6,goto,0
370,38,148,135,188,14,20,8.22,72,1,419,216,258,0,0,9.676,346.03,REG,REG,ROM,0,6,goto,-25
370,38,148,135,188,14,20,8.22,72,1,419,216,258,0,0,9.676,346.03,REG,REG,ROM,0,6,goto,-50
370,38,148,135,188,14,20,8.22,72,1,419,216,258,0,0,9.676,346.03,REG,REG,ROM,0,6,goto,-75
300,38,156,92,111,14,19,7.68,72,1,411,173,258,0,0,9.089,342.44,REG,REG,ROM,0,9,inline,0
300,38,156,92,111,14,19,7.68,72,1,411,173,258,0,0,9.089,342.44,REG,REG,ROM,0,9,inline,-25
300,38,156,92,111,14,19,7.68,72,1,411,173,258,0,0,9.089,342.44,REG,REG,ROM,0,9,inline,-50
300,38,156,92,111,14,19,7.68,72,1,411,173,258,0,0,9.089,342.44,REG,REG,ROM,0,9,inline,-75
370,38,148,135,188,14,20,8.22,72,1,419,216,258,0,0,9.676,346.03,REG,REG,ROM,0,9,goto,0
370,38,148,135,188,14,20,8.22,72,1,419,216,258,0,0,9.676,346.03,REG,REG,ROM,0,9,goto,-25
370,38,148,135,188,14,20,8.22,72,1,419,216,258,0,0,9.676,346.03,REG,REG,ROM,0,9,goto,-50
370,38,148,135,188,14,20,8.22,72,1,419,216,258,0,0,9.676,346.03,REG,REG,ROM,0,9,goto,-75
566,37,169,160,355,15,27,11.1293,99,2,663,243,409,0,1,9.764,347.06,REG,REG,ROM,3,0,inline,0
566,37,169,160,355,15,27,11.1293,99,2,663,243,409,0,1,9.764,347.06,REG,REG,ROM,3,0,inline,-25
566,37,169,160,355,15,27,11.1293,99,2,663,243,409,0,1,9.764,347.06,REG,REG,ROM,3,0,inline,-50
566,37,169,160,355,15,27,11.1293,99,2,663,243,409,0,1,9.764,347.06,REG,REG,ROM,3,0,inline,-75
606,37,146,160,421,15,24,11.1293,99,2,652,243,372,0,1,9.759,347.22,REG,REG,ROM,3,0,goto,0
606,37,146,160,421,15,24,11.1293,99,2,652,243,372,0,1,9.759,347.22,REG,REG,ROM,3,0,goto,-25
606,37,146,160,421,15,24,11.1293,99,2,652,243,372,0,1,9.759,347.22,REG,REG,ROM,3,0,goto,-50
606,37,146,160,421,15,24,11.1293,99,2,652,243,372,0,1,9.759,347.22,REG,REG,ROM,3,0,goto,-75
514,22,164,159,312,14,24,10.9793,99,3,663,246,398,0,0,9.790,347.44,REG,REG,ROM,3,3,inline,0
514,22,164,159,312,14,24,10.9793,99,3,663,246,398,0,0,9.790,347.44,REG,REG,ROM,3,3,inline,-25
514,22,164,159,312,14,24,10.9793,99,3,663,246,398,0,0,9.790,347.44,REG,REG,ROM,3,3,inline,-50
514,22,164,159,312,14,24,10.9793,99,3,663,246,398,0,0,9.790,347.44,REG,REG,ROM,3,3,inline,-75
394,22,141,149,218,14,21,8.7193,99,2,566,238,334,0,0,8.797,346.82,REG,REG,ROM,3,3,goto,0
394,22,141,149,218,14,21,8.7193,99,2,566,238,334,0,0,8.797,346.82,REG,REG,ROM,3,3,goto,-25
394,22,141,149,218,14,21,8.7193,99,2,566,238,334,0,0,8.797,346.82,REG,REG,ROM,3,3,goto,-50
394,22,141,149,218,14,21,8.7193,99,2,566,238,334,0,0,8.797,346.82,REG,REG,ROM,3,3,goto,-75
387,23,168,133,175,15,29,9.4093,72,1,442,216,301,0,0,9.507,346.40,REG,REG,ROM,3,6,inline,0
387,23,168,133,175,15,29,9.4093,72,1,442,216,301,0,0,9.507,346.40,REG,REG,ROM,3,6,inline,-25
387,23,168,133,175,15,29,9.4093,72,1,442,216,301,0,0,9.507,346.40,REG,REG,ROM,3,6,inline,-50
387,23,168,133,175,15,29,9.4093,72,1,442,216,301,0,0,9.507,346.40,REG,REG,ROM,3,6,inline,-75
454,23,193,176,217,15,29,8.925,72,2,558,259,350,0,0,9.175,345.98,REG,REG,ROM,3,6,goto,0
454,23,193,176,217,15,29,8.925,72,2,558,259,350,0,0,9.175,345.98,REG,REG,ROM,3,6,goto,-25
454,23,193,176,217,15,29,8.925,72,2,558,259,350,0,0,9.175,345.98,REG,REG,ROM,3,6,goto,-50
454,23,193,176,217,15,29,8.925,72,2,558,259,350,0,0,9.175,345.98,REG,REG,ROM,3,6,goto,-75
387,23,168,133,175,15,29,9.4093,72,1,442,216,301,0,0,9.507,346.40,REG,REG,ROM,3,9,inline,0
387,23,168,133,175,15,29,9.4093,72,1,442,216,301,0,0,9.507,346.40,REG,REG,ROM,3,9,inline,-25
387,23,168,133,175,15,29,9.4093,72,1,442,216,301,0,0,9.507,346.40,REG,REG,ROM,3,9,inline,-50
387,23,168,133,175,15,29,9.4093,72,1,442,216,301,0,0,9.507,346.40,REG,REG,ROM,3,9,inline,-75
454,23,193,176,217,15,29,8.925,72,2,558,259,350,0,0,9.175,345.98,REG,REG,ROM,3,9,goto,0
454,23,193,176,217,15,29,8.925,72,2,558,259,350,0,0,9.175,345.98,REG,REG,ROM,3,9,goto,-25
454,23,193,176,217,15,29,8.925,72,2,558,259,350,0,0,9.175,345.98,REG,REG,ROM,3,9,goto,-50
454,23,193,176,217,15,29,8.925,72,2,558,259,350,0,0,9.175,345.98,REG,REG,ROM,3,9,goto,-75
286,28,133,100,128,12,13,7.68,99,1,351,182,238,0,1,7.839,348.50,REG,REG,ROM,6,0,inline,0
286,28,133,100,128,12,13,7.68,99,1,351,182,238,0,1,7.839,348.50,REG,REG,ROM,6,0,inline,-25
286,28,133,100,128,12,13,7.68,99,1,351,182,238,0,1,7.839,348.50,REG,REG,ROM,6,0,inline,-50
286,28,133,100,128,12,13,7.68,99,1,351,182,238,0,1,7.839,348.50,REG,REG,ROM,6,0,inline,-75
333,28,125,165,182,12,14,8.22,99,1,412,247,266,0,1,8.235,357.44,REG,REG,ROM,6,0,goto,0
333,28,125,165,182,12,14,8.22,99,1,412,247,266,0,1,8.235,357.44,REG,REG,ROM,6,0,goto,-25
333,28,125,165,182,12,14,8.22,99,1,412,247,266,0,1,8.235,357.44,REG,REG,ROM,6,0,goto,-50
333,28,125,165,182,12,14,8.22,99,1,412,247,266,0,1,8.235,357.44,REG,REG,ROM,6,0,goto,-75
332,22,145,100,153,14,20,7.68,99,1,438,184,280,0,0,8.655,349.57,REG,REG,ROM,6,3,inline,0
332,22,145,100,153,14,20,7.68,99,1,438,184,280,0,0,8.655,349.57,REG,REG,ROM,6,3,inline,-25
332,22,145,100,153,14,20,7.68,99,1,438,184,280,0,0,8.655,349.57,REG,REG,ROM,6,3,inline,-50
332,22,145,100,153,14,20,7.68,99,1,438,184,280,0,0,8.655,349.57,REG,REG,ROM,6,3,inline,-75
379,22,137,165,207,14,21,8.22,99,1,487,249,303,0,0,7.943,353.23,REG,REG,ROM,6,3,goto,0
379,22,137,165,207,14,21,8.22,99,1,487,249,303,0,0,7.943,353.23,REG,REG,ROM,6,3,goto,-25
379,22,137,165,207,14,21,8.22,99,1,487,249,303,0,0,7.943,353.23,REG,REG,ROM,6,3,goto,-50
379,22,137,165,207,14,21,8.22,99,1,487,249,303,0,0,7.943,353.23,REG,REG,ROM,6,3,goto,-75
157,2,124,33,28,1,4,7.2425,0,0,131,31,76,0,0,0.902,345.04,REG,REG,ROM,6,6,inline,0
157,2,124,33,28,1,4,7.2425,0,0,131,31,76,0,0,0.902,345.04,REG,REG,ROM,6,6,inline,-25
163,3,115,51,42,2,4,7.2425,0,0,154,51,88,0,0,7.288,345.78,REG,REG,ROM,6,6,inline,-50
163,3,115,51,42,2,4,7.2425,0,0,154,51,88,0,0,7.288,345.78,REG,REG,ROM,6,6,inline,-75
170,2,104,36,60,1,5,7.83,0,0,170,36,98,0,0,3.479,350.08,REG,REG,ROM,6,6,goto,0
170,2,104,36,60,1,5,7.83,0,0,170,36,98,0,0,3.479,350.08,REG,REG,ROM,6,6,goto,-25
188,3,84,60,96,2,6,8.2175,0,0,181,61,112,0,0,7.065,361.79,REG,REG,ROM,6,6,goto,-50
188,3,84,60,96,2,6,8.2175,0,0,181,61,112,0,0,7.065,361.79,REG,REG,ROM,6,6,goto,-75
157,2,124,33,28,1,4,7.2425,0,0,131,31,76,0,0,0.902,345.04,REG,REG,ROM,6,9,inline,0
157,2,124,33,28,1,4,7.2425,0,0,131,31,76,0,0,0.902,345.04,REG,REG,ROM,6,9,inline,-25
163,3,115,51,42,2,4,7.2425,0,0,154,51,88,0,0,7.288,345.78,REG,REG,ROM,6,9,inline,-50
163,3,115,51,42,2,4,7.2425,0,0,154,51,88,0,0,7.288,345.78,REG,REG,ROM,6,9,inline,-75
170,2,104,36,60,1,5,7.83,0,0,170,36,98,0,0,3.479,350.08,REG,REG,ROM,6,9,goto,0
170,2,104,36,60,1,5,7.83,0,0,170,36,98,0,0,3.479,350.08,REG,REG,ROM,6,9,goto,-25
188,3,84,60,96,2,6,8.2175,0,0,181,61,112,0,0,7.065,361.79,REG,REG,ROM,6,9,goto,-50
188,3,84,60,96,2,6,8.2175,0,0,181,61,112,0,0,7.065,361.79,REG,REG,ROM,6,9,goto,-75
286,28,133,100,128,12,13,7.68,99,1,351,182,238,0,1,7.839,348.50,REG,REG,ROM,9,0,inline,0
286,28,133,100,128,12,13,7.68,99,1,351,182,238,0,1,7.839,348.50,REG,REG,ROM,9,0,inline,-25
286,28,133,100,128,12,13,7.68,99,1,351,182,238,0,1,7.839,348.50,REG,REG,ROM,9,0,inline,-50
286,28,133,100,128,12,13,7.68,99,1,351,182,238,0,1,7.839,348.50,REG,REG,ROM,9,0,inline,-75
333,28,125,165,182,12,14,8.22,99,1,412,247,266,0,1,8.235,357.44,REG,REG,ROM,9,0,goto,0
333,28,125,165,182,12,14,8.22,99,1,412,247,266,0,1,8.235,357.44,REG,REG,ROM,9,0,goto,-25
333,28,125,165,182,12,14,8.22,99,1,412,247,266,0,1,8.235,357.44,REG,REG,ROM,9,0,goto,-50
333,28,125,165,182,12,14,8.22,99,1,412,247,266,0,1,8.235,357.44,REG,REG,ROM,9,0,goto,-75
332,22,145,100,153,14,20,7.68,99,1,438,184,280,0,0,8.655,349.57,REG,REG,ROM,9,3,inline,0
332,22,145,100,153,14,20,7.68,99,1,438,184,280,0,0,8.655,349.57,REG,REG,ROM,9,3,inline,-25
332,22,145,100,153,14,20,7.68,99,1,438,184,280,0,0,8.655,349.57,REG,REG,ROM,9,3,inline,-50
332,22,145,100,153,14,20,7.68,99,1,438,184,280,0,0,8.655,349.57,REG,REG,ROM,9,3,inline,-75
379,22,137,165,207,14,21,8.22,99,1,487,249,303,0,0,7.943,353.23,REG,REG,ROM,9,3,goto,0
379,22,137,165,207,14,21,8.22,99,1,487,249,303,0,0,7.943,353.23,REG,REG,ROM,9,3,goto,-25
379,22,137,165,207,14,21,8.22,99,1,487,249,303,0,0,7.943,353.23,REG,REG,ROM,9,3,goto,-50
379,22,137,165,207,14,21,8.22,99,1,487,249,303,0,0,7.943,353.23,REG,REG,ROM,9,3,goto,-75
157,2,124,33,28,1,4,7.2425,0,0,131,31,76,0,0,0.902,345.04,REG,REG,ROM,9,6,inline,0
157,2,124,33,28,1,4,7.2425,0,0,131,31,76,0,0,0.902,345.04,REG,REG,ROM,9,6,inline,-25
163,3,115,51,42,2,4,7.2425,0,0,154,51,88,0,0,7.288,345.78,REG,REG,ROM,9,6,inline,-50
163,3,115,51,42,2,4,7.2425,0,0,154,51,88,0,0,7.288,345.78,REG,REG,ROM,9,6,inline,-75
170,2,104,36,60,1,5,7.83,0,0,170,36,98,0,0,3.479,350.08,REG,REG,ROM,9,6,goto,0
170,2,104,36,60,1,5,7.83,0,0,170,36,98,0,0,3.479,350.08,REG,REG,ROM,9,6,goto,-25
188,3,84,60,96,2,6,8.2175,0,0,181,61,112,0,0,7.065,361.79,REG,REG,ROM,9,6,goto,-50
188,3,84,60,96,2,6,8.2175,0,0,181,61,112,0,0,7.065,361.79,REG,REG,ROM,9,6,goto,-75
157,2,124,33,28,1,4,7.2425,0,0,131,31,76,0,0,0.902,345.04,REG,REG,ROM,9,9,inline,0
157,2,124,33,28,1,4,7.2425,0,0,131,31,76,0,0,0.902,345.04,REG,REG,ROM,9,9,inline,-25
163,3,115,51,42,2,4,7.2425,0,0,154,51,88,0,0,7.288,345.78,REG,REG,ROM,9,9,inline,-50
163,3,115,51,42,2,4,7.2425,0,0,154,51,88,0,0,7.288,345.78,REG,REG,ROM,9,9,inline,-75
170,2,104,36,60,1,5,7.83,0,0,170,36,98,0,0,3.479,350.08,REG,REG,ROM,9,9,goto,0
170,2,104,36,60,1,5,7.83,0,0,170,36,98,0,0,3.479,350.08,REG,REG,ROM,9,9,goto,-25
188,3,84,60,96,2,6,8.2175,0,0,181,61,112,0,0,7.065,361.79,REG,REG,ROM,9,9,goto,-50
188,3,84,60,96,2,6,8.2175,0,0,181,61,112,0,0,7.065,361.79,REG,REG,ROM,9,9,goto,-75
294,28,152,113,118,12,12,7.68,126,2,423,199,261,0,2,8.970,345.49,REG,ROM,ROM,0,0,inline,0
294,28,152,113,118,12,12,7.68,126,2,423,199,261,0,2,8.970,345.49,REG,ROM,ROM,0,0,inline,-25
294,28,152,113,118,12,12,7.68,126,2,423,199,261,0,2,8.970,345.49,REG,ROM,ROM,0,0,inline,-50
294,28,152,113,118,12,12,7.68,126,2,423,199,261,0,2,8.970,345.49,REG,ROM,ROM,0,0,inline,-75
336,28,129,113,182,12,13,8.22,126,2,426,199,259,0,2,7.491,345.08,REG,ROM,ROM,0,0,goto,0
336,28,129,113,182,12,13,8.22,126,2,426,199,259,0,2,7.491,345.08,REG,ROM,ROM,0,0,goto,-25
336,28,129,113,182,12,13,8.22,126,2,426,199,259,0,2,7.491,345.08,REG,ROM,ROM,0,0,goto,-50
336,28,129,113,182,12,13,8.22,126,2,426,199,259,0,2,7.491,345.08,REG,ROM,ROM,0,0,goto,-75
400,40,136,83,225,16,23,9.515,126,1,457,165,272,0,2,9.858,345.82,REG,ROM,ROM,0,3,inline,0
400,40,136,83,225,16,23,9.515,126,1,457,165,272,0,2,9.858,345.82,REG,ROM,ROM,0,3,inline,-25
400,40,136,83,225,16,23,9.515,126,1,457,165,272,0,2,9.858,345.82,REG,ROM,ROM,0,3,inline,-50
400,40,136,83,225,16,23,9.515,126,1,457,165,272,0,2,9.858,345.82,REG,ROM,ROM,0,3,inline,-75
411,40,113,115,258,16,24,9.515,126,1,486,198,286,0,2,9.288,346.85,REG,ROM,ROM,0,3,goto,0
411,40,113,115,258,16,24,9.515,126,1,486,198,286,0,2,9.288,346.85,REG,ROM,ROM,0,3,goto,-25
411,40,113,115,258,16,24,9.515,126,1,486,198,286,0,2,9.288,346.85,REG,ROM,ROM,0,3,goto,-50
411,40,113,115,258,16,24,9.515,126,1,486,198,286,0,2,9.288,346.85,REG,ROM,ROM,0,3,goto,-75
298,38,156,89,109,14,19,7.68,99,1,408,173,258,0,1,8.286,342.68,REG,ROM,ROM,0,6,inline,0
298,38,156,89,109,14,19,7.68,99,1,408,173,258,0,1,8.286,342.68,REG,ROM,ROM,0,6,inline,-25
298,38,156,89,109,14,19,7.68,99,1,408,173,258,0,1,8.286,342.68,REG,ROM,ROM,0,6,inline,-50
298,38,156,89,109,14,19,7.68,99,1,408,173,258,0,1,8.286,342.68,REG,ROM,ROM,0,6,inline,-75
368,38,148,132,186,14,20,8.22,99,1,416,216,258,0,1,7.881,345.12,REG,ROM,ROM,0,6,goto,0
368,38,148,132,186,14,20,8.22,99,1,416,216,258,0,1,7.881,345.12,REG,ROM,ROM,0,6,goto,-25
368,38,148,132,186,14,20,8.22,99,1,416,216,258,0,1,7.881,345.12,REG,ROM,ROM,0,6,goto,-50
368,38,148,132,186,14,20,8.22,99,1,416,216,258,0,1,7.881,345.12,REG,ROM,ROM,0,6,goto,-75
298,38,156,89,109,14,19,7.68,99,1,408,173,258,0,1,8.286,342.68,REG,ROM,ROM,0,9,inline,0
298,38,156,89,109,14,19,7.68,99,1,408,173,258,0,1,8.286,342.68,REG,ROM,ROM,0,9,inline,-25
298,38,156,89,109,14,19,7.68,99,1,408,173,258,0,1,8.286,342.68,REG,ROM,ROM,0,9,inline,-50
298,38,156,89,109,14,19,7.68,99,1,408,173,258,0,1,8.286,342.68,REG,ROM,ROM,0,9,inline,-75
368,38,148,132,186,14,20,8.22,99,1,416,216,258,0,1,7.881,345.12,REG,ROM,ROM,0,9,goto,0
368,38,148,132,186,14,20,8.22,99,1,416,216,258,0,1,7.881,345.12,REG,ROM,ROM,0,9,goto,-25
368,38,148,132,186,14,20,8.22,99,1,416,216,258,0,1,7.881,345.12,REG,ROM,ROM,0,9,goto,-50
368,38,148,132,186,14,20,8.22,99,1,416,216,258,0,1,7.881,345.12,REG,ROM,ROM,0,9,goto,-75
400,40,136,83,225,16,23,9.515,126,1,456,165,271,0,2,9.287,343.39,REG,ROM,ROM,3,0,inline,0
400,40,136,83,225,16,23,9.515,126,1,456,165,271,0,2,9.287,343.39,REG,ROM,ROM,3,0,inline,-25
400,40,136,83,225,16,23,9.515,126,1,456,165,271,0,2,9.287,343.39,REG,ROM,ROM,3,0,inline,-50
400,40,136,83,225,16,23,9.515,126,1,456,165,271,0,2,9.287,343.39,REG,ROM,ROM,3,0,inline,-75
411,40,113,115,258,16,24,9.515,126,1,486,197,284,0,2,9.758,344.90,REG,ROM,ROM,3,0,goto,0
411,40,113,115,258,16,24,9.515,126,1,486,197,284,0,2,9.758,344.90,REG,ROM,ROM,3,0,goto,-25
411,40,113,115,258,16,24,9.515,126,1,486,197,284,0,2,9.758,344.90,REG,ROM,ROM,3,0,goto,-50
411,40,113,115,258,16,24,9.515,126,1,486,197,284,0,2,9.758,344.90,REG,ROM,ROM,3,0,goto,-75
348,22,164,113,151,14,19,7.68,126,2,489,200,290,0,0,9.278,346.83,REG,ROM,ROM,3,3,inline,0
348,22,164,113,151,14,19,7.68,126,2,489,200,290,0,0,9.278,346.83,REG,ROM,ROM,3,3,inline,-25
348,22,164,113,151,14,19,7.68,126,2,489,200,290,0,0,9.278,346.83,REG,ROM,ROM,3,3,inline,-50
348,22,164,113,151,14,19,7.68,126,2,489,200,290,0,0,9.278,346.83,REG,ROM,ROM,3,3,inline,-75
390,22,141,113,215,14,20,8.22,126,2,495,200,292,0,0,8.899,344.89,REG,ROM,ROM,3,3,goto,0
390,22,141,113,215,14,20,8.22,126,2,495,200,292,0,0,8.899,344.89,REG,ROM,ROM,3,3,goto,-25
390,22,141,113,215,14,20,8.22,126,2,495,200,292,0,0,8.899,344.89,REG,ROM,ROM,3,3,goto,-50
390,22,141,113,215,14,20,8.22,126,2,495,200,292,0,0,8.899,344.89,REG,ROM,ROM,3,3,goto,-75
354,23,168,98,144,15,27,9.225,99,1,441,185,282,0,0,9.041,345.92,REG,ROM,ROM,3,6,inline,0
354,23,168,98,144,15,27,9.225,99,1,441,185,282,0,0,9.041,345.92,REG,ROM,ROM,3,6,inline,-25
354,23,168,98,144,15,27,9.225,99,1,441,185,282,0,0,9.041,345.92,REG,ROM,ROM,3,6,inline,-50
354,23,168,98,144,15,27,9.225,99,1,441,185,282,0,0,9.041,345.92,REG,ROM,ROM,3,6,inline,-75
424,23,160,141,221,15,28,10.035,99,1,475,226,294,0,0,9.377,351.45,REG,ROM,ROM,3,6,goto,0
424,23,160,141,221,15,28,10.035,99,1,475,226,294,0,0,9.377,351.45,REG,ROM,ROM,3,6,goto,-25
424,23,160,141,221,15,28,10.035,99,1,475,226,294,0,0,9.377,351.45,REG,ROM,ROM,3,6,goto,-50
424,23,160,141,221,15,28,10.035,99,1,475,226,294,0,0,9.377,351.45,REG,ROM,ROM,3,6,goto,-75
354,23,168,98,144,15,27,9.225,99,1,441,185,282,0,0,9.041,345.92,REG,ROM,ROM,3,9,inline,0
354,23,168,98,144,15,27,9.225,99,1,441,185,282,0,0,9.041,345.92,REG,ROM,ROM,3,9,inline,-25
354,23,168,98,144,15,27,9.225,99,1,441,185,282,0,0,9.041,345.92,REG,ROM,ROM,3,9,inline,-50
354,23,168,98,144,15,27,9.225,99,1,441,185,282,0,0,9.041,345.92,REG,ROM,ROM,3,9,inline,-75
424,23,160,141,221,15,28,10.035,99,1,475,226,294,0,0,9.377,351.45,REG,ROM,ROM,3,9,goto,0
424,23,160,141,221,15,28,10.035,99,1,475,226,294,0,0,9.377,351.45,REG,ROM,ROM,3,9,goto,-25
424,23,160,141,221,15,28,10.035,99,1,475,226,294,0,0,9.377,351.45,REG,ROM,ROM,3,9,goto,-50
424,23,160,141,221,15,28,10.035,99,1,475,226,294,0,0,9.377,351.45,REG,ROM,ROM,3,9,goto,-75
286,28,133,100,128,12,13,7.68,99,1,351,182,238,0,1,7.839,348.50,REG,ROM,ROM,6,0,inline,0
286,28,133,100,128,12,13,7.68,99,1,351,182,238,0,1,7.839,348.50,REG,ROM,ROM,6,0,inline,-25
286,28,133,100,128,12,13,7.68,99,1,351,182,238,0,1,7.839,348.50,REG,ROM,ROM,6,0,inline,-50
286,28,133,100,128,12,13,7.68,99,1,351,182,238,0,1,7.839,348.50,REG,ROM,ROM,6,0,inline,-75
333,28,125,165,182,12,14,8.22,99,1,412,247,266,0,1,8.235,357.44,REG,ROM,ROM,6,0,goto,0
333,28,125,165,182,12,14,8.22,99,1,412,247,266,0,1,8.235,357.44,REG,ROM,ROM,6,0,goto,-25
333,28,125,165,182,12,14,8.22,99,1,412,247,266,0,1,8.235,357.44,REG,ROM,ROM,6,0,goto,-50
333,28,125,165,182,12,14,8.22,99,1,412,247,266,0,1,8.235,357.44,REG,ROM,ROM,6,0,goto,-75
332,22,145,100,153,14,20,7.68,99,1,438,184,280,0,0,8.655,349.57,REG,ROM,ROM,6,3,inline,0
332,22,145,100,153,14,20,7.68,99,1,438,184,280,0,0,8.655,349.57,REG,ROM,ROM,6,3,inline,-25
332,22,145,100,153,14,20,7.68,99,1,438,184,280,0,0,8.655,349.57,REG,ROM,ROM,6,3,inline,-50
332,22,145,100,153,14,20,7.68,99,1,438,184,280,0,0,8.655,349.57,REG,ROM,ROM,6,3,inline,-75
379,22,137,165,207,14,21,8.22,99,1,487,249,303,0,0,7.943,353.23,REG,ROM,ROM,6,3,goto,0
379,22,137,165,207,14,21,8.22,99,1,487,249,303,0,0,7.943,353.23,REG,ROM,ROM,6,3,goto,-25
379,22,137,165,207,14,21,8.22,99,1,487,249,303,0,0,7.943,353.23,REG,ROM,ROM,6,3,goto,-50
379,22,137,165,207,14,21,8.22,99,1,487,249,303,0,0,7.943,353.23,REG,ROM,ROM,6,3,goto,-75
157,2,124,33,28,1,4,7.2425,0,0,131,31,76,0,0,0.902,345.04,REG,ROM,ROM,6,6,inline,0
157,2,124,33,28,1,4,7.2425,0,0,131,31,76,0,0,0.902,345.04,REG,ROM,ROM,6,6,inline,-25
163,3,115,51,42,2,4,7.2425,0,0,154,51,88,0,0,7.288,345.78,REG,ROM,ROM,6,6,inline,-50
163,3,115,51,42,2,4,7.2425,0,0,154,51,88,0,0,7.288,345.78,REG,ROM,ROM,6,6,inline,-75
170,2,104,36,60,1,5,7.83,0,0,170,36,98,0,0,3.479,350.08,REG,ROM,ROM,6,6,goto,0
170,2,104,36,60,1,5,7.83,0,0,170,36,98,0,0,3.479,350.08,REG,ROM,ROM,6,6,goto,-25
188,3,84,60,96,2,6,8.2175,0,0,181,61,112,0,0,7.065,361.79,REG,ROM,ROM,6,6,goto,-50
188,3,84,60,96,2,6,8.2175,0,0,181,61,112,0,0,7.065,361.79,REG,ROM,ROM,6,6,goto,-75
157,2,124,33,28,1,4,7.2425,0,0,131,31,76,0,0,0.902,345.04,REG,ROM,ROM,6,9,inline,0
157,2,124,33,28,1,4,7.2425,0,0,131,31,76,0,0,0.902,345.04,REG,ROM,ROM,6,9,inline,-25
163,3,115,51,42,2,4,7.2425,0,0,154,51,88,0,0,7.288,345.78,REG,ROM,ROM,6,9,inline,-50
163,3,115,51,42,2,4,7.2425,0,0,154,51,88,0,0,7.288,345.78,REG,ROM,ROM,6,9,inline,-75
170,2,104,36,60,1,5,7.83,0,0,170,36,98,0,0,3.479,350.08,REG,ROM,ROM,6,9,goto,0
170,2,104,36,60,1,5,7.83,0,0,170,36,98,0,0,3.479,350.08,REG,ROM,ROM,6,9,goto,-25
188,3,84,60,96,2,6,8.2175,0,0,181,61,112,0,0,7.065,361.79,REG,ROM,ROM,6,9,goto,-50
188,3,84,60,96,2,6,8.2175,0,0,181,61,112,0,0,7.065,361.79,REG,ROM,ROM,6,9,goto,-75
286,28,133,100,128,12,13,7.68,99,1,351,182,238,0,1,7.839,348.50,REG,ROM,ROM,9,0,inline,0
286,28,133,100,128,12,13,7.68,99,1,351,182,238,0,1,7.839,348.50,REG,ROM,ROM,9,0,inline,-25
286,28,133,100,128,12,13,7.68,99,1,351,182,238,0,1,7.839,348.50,REG,ROM,ROM,9,0,inline,-50
286,28,133,100,128,12,13,7.68,99,1,351,182,238,0,1,7.839,348.50,REG,ROM,ROM,9,0,inline,-75
333,28,125,165,182,12,14,8.22,99,1,412,247,266,0,1,8.235,357.44,REG,ROM,ROM,9,0,goto,0
333,28,125,165,182,12,14,8.22,99,1,412,247,266,0,1,8.235,357.44,REG,ROM,ROM,9,0,goto,-25
333,28,125,165,182,12,14,8.22,99,1,412,247,266,0,1,8.235,357.44,REG,ROM,ROM,9,0,goto,-50
333,28,125,165,182,12,14,8.22,99,1,412,247,266,0,1,8.235,357.44,REG,ROM,ROM,9,0,goto,-75
332,22,145,100,153,14,20,7.68,99,1,438,184,280,0,0,8.655,349.57,REG,ROM,ROM,9,3,inline,0
332,22,145,100,153,14,20,7.68,99,1,438,184,280,0,0,8.655,349.57,REG,ROM,ROM,9,3,inline,-25
332,22,145,100,153,14,20,7.68,99,1,438,184,280,0,0,8.655,349.57,REG,ROM,ROM,9,3,inline,-50
332,22,145,100,153,14,20,7.68,99,1,438,184,280,0,0,8.655,349.57,REG,ROM,ROM,9,3,inline,-75
379,22,137,165,207,14,21,8.22,99,1,487,249,303,0,0,7.943,353.23,REG,ROM,ROM,9,3,goto,0
379,22,137,165,207,14,21,8.22,99,1,487,249,303,0,0,7.943,353.23,REG,ROM,ROM,9,3,goto,-25
379,22,137,165,207,14,21,8.22,99,1,487,249,303,0,0,7.943,353.23,REG,ROM,ROM,9,3,goto,-50
379,22,137,165,207,14,21,8.22,99,1,487,249,303,0,0,7.943,353.23,REG,ROM,ROM,9,3,goto,-75
157,2,124,33,28,1,4,7.2425,0,0,131,31,76,0,0,0.902,345.04,REG,ROM,ROM,9,6,inline,0
157,2,124,33,28,1,4,7.2425,0,0,131,31,76,0,0,0.902,345.04,REG,ROM,ROM,9,6,inline,-25
163,3,115,51,42,2,4,7.2425,0,0,154,51,88,0,0,7.288,345.78,REG,ROM,ROM,9,6,inline,-50
163,3,115,51,42,2,4,7.2425,0,0,154,51,88,0,0,7.288,345.78,REG,ROM,ROM,9,6,inline,-75
170,2,104,36,60,1,5,7.83,0,0,170,36,98,0,0,3.479,350.08,REG,ROM,ROM,9,6,goto,0
170,2,104,36,60,1,5,7.83,0,0,170,36,98,0,0,3.479,350.08,REG,ROM,ROM,9,6,goto,-25
188,3,84,60,96,2,6,8.2175,0,0,181,61,112,0,0,7.065,361.79,REG,ROM,ROM,9,6,goto,-50
188,3,84,60,96,2,6,8.2175,0,0,181,61,112,0,0,7.065,361.79,REG,ROM,ROM,9,6,goto,-75
157,2,124,33,28,1,4,7.2425,0,0,131,31,76,0,0,0.902,345.04,REG,ROM,ROM,9,9,inline,0
157,2,124,33,28,1,4,7.2425,0,0,131,31,76,0,0,0.902,345.04,REG,ROM,ROM,9,9,inline,-25
163,3,115,51,42,2,4,7.2425,0,0,154,51,88,0,0,7.288,345.78,REG,ROM,ROM,9,9,inline,-50
163,3,115,51,42,2,4,7.2425,0,0,154,51,88,0,0,7.288,345.78,REG,ROM,ROM,9,9,inline,-75
170,2,104,36,60,1,5,7.83,0,0,170,36,98,0,0,3.479,350.08,REG,ROM,ROM,9,9,goto,0
170,2,104,36,60,1,5,7.83,0,0,170,36,98,0,0,3.479,350.08,REG,ROM,ROM,9,9,goto,-25
188,3,84,60,96,2,6,8.2175,0,0,181,61,112,0,0,7.065,361.79,REG,ROM,ROM,9,9,goto,-50
188,3,84,60,96,2,6,8.2175,0,0,181,61,112,0,0,7.065,361.79,REG,ROM,ROM,9,9,goto,-75
295,28,152,137,119,12,12,7.68,99,2,344,148,200,0,2,8.821,341.91,RAM,REG,ROM,0,0,inline,0
295,28,152,137,119,12,12,7.68,99,2,344,148,200,0,2,8.821,341.91,RAM,REG,ROM,0,0,inline,-25
295,28,152,137,119,12,12,7.68,99,2,344,148,200,0,2,8.821,341.91,RAM,REG,ROM,0,0,inline,-50
295,28,152,137,119,12,12,7.68,99,2,344,148,200,0,2,8.821,341.91,RAM,REG,ROM,0,0,inline,-75
306,28,129,137,152,12,13,8.22,99,2,406,148,214,0,2,9.242,345.22,RAM,REG,ROM,0,0,goto,0
306,28,129,137,152,12,13,8.22,99,2,406,148,214,0,2,9.242,345.22,RAM,REG,ROM,0,0,goto,-25
306,28,129,137,152,12,13,8.22,99,2,406,148,214,0,2,9.242,345.22,RAM,REG,ROM,0,0,goto,-50
306,28,129,137,152,12,13,8.22,99,2,406,148,214,0,2,9.242,345.22,RAM,REG,ROM,0,0,goto,-75
421,40,136,106,250,16,19,9.515,99,1,392,119,207,0,2,9.581,342.64,RAM,REG,ROM,0,3,inline,0
421,40,136,106,250,16,19,9.515,99,1,392,119,207,0,2,9.581,342.64,RAM,REG,ROM,0,3,inline,-25
421,40,136,106,250,16,19,9.515,99,1,392,119,207,0,2,9.581,342.64,RAM,REG,ROM,0,3,inline,-50
421,40,136,106,250,16,19,9.515,99,1,392,119,207,0,2,9.581,342.64,RAM,REG,ROM,0,3,inline,-75
495,40,113,138,348,16,18,9.515,99,1,457,151,238,0,2,9.141,340.23,RAM,REG,ROM,0,3,goto,0
495,40,113,138,348,16,18,9.515,99,1,457,151,238,0,2,9.141,340.23,RAM,REG,ROM,0,3,goto,-25
495,40,113,138,348,16,18,9.515,99,1,457,151,238,0,2,9.141,340.23,RAM,REG,ROM,0,3,goto,-50
495,40,113,138,348,16,18,9.515,99,1,457,151,238,0,2,9.141,340.23,RAM,REG,ROM,0,3,goto,-75
297,34,148,87,112,18,19,7.68,72,1,303,100,183,0,1,8.818,342.79,RAM,REG,ROM,0,6,inline,0
297,34,148,87,112,18,19,7.68,72,1,303,100,183,0,1,8.818,342.79,RAM,REG,ROM,0,6,inline,-25
297,34,148,87,112,18,19,7.68,72,1,303,100,183,0,1,8.818,342.79,RAM,REG,ROM,0,6,inline,-50
297,34,148,87,112,18,19,7.68,72,1,303,100,183,0,1,8.818,342.79,RAM,REG,ROM,0,6,inline,-75
382,34,136,149,209,18,19,8.22,72,1,360,162,205,0,1,9.276,348.72,RAM,REG,ROM,0,6,goto,0
382,34,136,149,209,18,19,8.22,72,1,360,162,205,0,1,9.276,348.72,RAM,REG,ROM,0,6,goto,-25
382,34,136,149,209,18,19,8.22,72,1,360,162,205,0,1,9.276,348.72,RAM,REG,ROM,0,6,goto,-50
382,34,136,149,209,18,19,8.22,72,1,360,162,205,0,1,9.276,348.72,RAM,REG,ROM,0,6,goto,-75
297,34,148,87,112,18,19,7.68,72,1,303,100,183,0,1,8.818,342.79,RAM,REG,ROM,0,9,inline,0
297,34,148,87,112,18,19,7.68,72,1,303,100,183,0,1,8.818,342.79,RAM,REG,ROM,0,9,inline,-25
297,34,148,87,112,18,19,7.68,72,1,303,100,183,0,1,8.818,342.79,RAM,REG,ROM,0,9,inline,-50
297,34,148,87,112,18,19,7.68,72,1,303,100,183,0,1,8.818,342.79,RAM,REG,ROM,0,9,inline,-75
382,34,136,149,209,18,19,8.22,72,1,360,162,205,0,1,9.276,348.72,RAM,REG,ROM,0,9,goto,0
382,34,136,149,209,18,19,8.22,72,1,360,162,205,0,1,9.276,348.72,RAM,REG,ROM,0,9,goto,-25
382,34,136,149,209,18,19,8.22,72,1,360,162,205,0,1,9.276,348.72,RAM,REG,ROM,0,9,goto,-50
382,34,136,149,209,18,19,8.22,72,1,360,162,205,0,1,9.276,348.72,RAM,REG,ROM,0,9,goto,-75
457,40,136,142,282,16,23,10.9093,99,1,428,157,244,0,2,9.817,342.25,RAM,REG,ROM,3,0,inline,0
457,40,136,142,282,16,23,10.9093,99,1,428,157,244,0,2,9.817,342.25,RAM,REG,ROM,3,0,inline,-25
457,40,136,142,282,16,23,10.9093,99,1,428,157,244,0,2,9.817,342.25,RAM,REG,ROM,3,0,inline,-50
457,40,136,142,282,16,23,10.9093,99,1,428,157,244,0,2,9.817,342.25,RAM,REG,ROM,3,0,inline,-75
499,40,113,142,348,16,22,10.9093,99,1,461,157,243,0,2,9.815,343.25,RAM,REG,ROM,3,0,goto,0
499,40,113,142,348,16,22,10.9093,99,1,461,157,243,0,2,9.815,343.25,RAM,REG,ROM,3,0,goto,-25
499,40,113,142,348,16,22,10.9093,99,1,461,157,243,0,2,9.815,343.25,RAM,REG,ROM,3,0,goto,-50
499,40,113,142,348,16,22,10.9093,99,1,461,157,243,0,2,9.815,343.25,RAM,REG,ROM,3,0,goto,-75
367,22,164,141,175,14,14,8.5993,99,2,402,155,231,0,1,8.609,345.63,RAM,REG,ROM,3,3,inline,0
367,22,164,141,175,14,14,8.5993,99,2,402,155,231,0,1,8.609,345.63,RAM,REG,ROM,3,3,inline,-25
367,22,164,141,175,14,14,8.5993,99,2,402,155,231,0,1,8.609,345.63,RAM,REG,ROM,3,3,inline,-50
367,22,164,141,175,14,14,8.5993,99,2,402,155,231,0,1,8.609,345.63,RAM,REG,ROM,3,3,inline,-75
378,22,141,141,208,14,15,9.4093,99,2,471,156,250,0,1,9.704,343.65,RAM,REG,ROM,3,3,goto,0
378,22,141,141,208,14,15,9.4093,99,2,471,156,250,0,1,9.704,343.65,RAM,REG,ROM,3,3,goto,-25
378,22,141,141,208,14,15,9.4093,99,2,471,156,250,0,1,9.704,343.65,RAM,REG,ROM,3,3,goto,-50
378,22,141,141,208,14,15,9.4093,99,2,471,156,250,0,1,9.704,343.65,RAM,REG,ROM,3,3,goto,-75
397,32,168,143,186,21,22,8.1943,72,1,352,159,236,0,1,8.690,344.50,RAM,REG,ROM,3,6,inline,0
397,32,168,143,186,21,22,8.1943,72,1,352,159,236,0,1,8.690,344.50,RAM,REG,ROM,3,6,inline,-25
397,32,168,143,186,21,22,8.1943,72,1,352,159,236,0,1,8.690,344.50,RAM,REG,ROM,3,6,inline,-50
397,32,168,143,186,21,22,8.1943,72,1,352,159,236,0,1,8.690,344.50,RAM,REG,ROM,3,6,inline,-75
485,34,148,175,294,21,22,8.22,72,1,439,191,259,0,1,9.575,348.72,RAM,REG,ROM,3,6,goto,0
485,34,148,175,294,21,22,8.22,72,1,439,191,259,0,1,9.575,348.72,RAM,REG,ROM,3,6,goto,-25
485,34,148,175,294,21,22,8.22,72,1,439,191,259,0,1,9.575,348.72,RAM,REG,ROM,3,6,goto,-50
485,34,148,175,294,21,22,8.22,72,1,439,191,259,0,1,9.575,348.72,RAM,REG,ROM,3,6,goto,-75
397,32,168,143,186,21,22,8.1943,72,1,352,159,236,0,1,8.690,344.50,RAM,REG,ROM,3,9,inline,0
397,32,168,143,186,21,22,8.1943,72,1,352,159,236,0,1,8.690,344.50,RAM,REG,ROM,3,9,inline,-25
397,32,168,143,186,21,22,8.1943,72,1,352,159,236,0,1,8.690,344.50,RAM,REG,ROM,3,9,inline,-50
397,32,168,143,186,21,22,8.1943,72,1,352,159,236,0,1,8.690,344.50,RAM,REG,ROM,3,9,inline,-75
485,34,148,175,294,21,22,8.22,72,1,439,191,259,0,1,9.575,348.72,RAM,REG,ROM,3,9,goto,0
485,34,148,175,294,21,22,8.22,72,1,439,191,259,0,1,9.575,348.72,RAM,REG,ROM,3,9,goto,-25
485,34,148,175,294,21,22,8.22,72,1,439,191,259,0,1,9.575,348.72,RAM,REG,ROM,3,9,goto,-50
485,34,148,175,294,21,22,8.22,72,1,439,191,259,0,1,9.575,348.72,RAM,REG,ROM,3,9,goto,-75
286,28,133,91,128,12,13,7.68,99,1,300,102,181,0,2,8.804,344.35,RAM,REG,ROM,6,0,inline,0
286,28,133,91,128,12,13,7.68,99,1,300,102,181,0,2,8.804,344.35,RAM,REG,ROM,6,0,inline,-25
286,28,133,91,128,12,13,7.68,99,1,300,102,181,0,2,8.804,344.35,RAM,REG,ROM,6,0,inline,-50
286,28,133,91,128,12,13,7.68,99,1,300,102,181,0,2,8.804,344.35,RAM,REG,ROM,6,0,inline,-75
333,28,125,156,182,12,14,8.22,99,1,362,167,209,0,2,8.989,345.75,RAM,REG,ROM,6,0,goto,0
333,28,125,156,182,12,14,8.22,99,1,362,167,209,0,2,8.989,345.75,RAM,REG,ROM,6,0,goto,-25
333,28,125,156,182,12,14,8.22,99,1,362,167,209,0,2,8.989,345.75,RAM,REG,ROM,6,0,goto,-50
333,28,125,156,182,12,14,8.22,99,1,362,167,209,0,2,8.989,345.75,RAM,REG,ROM,6,0,goto,-75
317,22,145,91,144,14,14,7.68,99,1,318,104,188,0,1,8.666,345.62,RAM,REG,ROM,6,3,inline,0
317,22,145,91,144,14,14,7.68,99,1,318,104,188,0,1,8.666,345.62,RAM,REG,ROM,6,3,inline,-25
317,22,145,91,144,14,14,7.68,99,1,318,104,188,0,1,8.666,345.62,RAM,REG,ROM,6,3,inline,-50
317,22,145,91,144,14,14,7.68,99,1,318,104,188,0,1,8.666,345.62,RAM,REG,ROM,6,3,inline,-75
364,22,137,156,198,14,15,8.22,99,1,380,169,217,0,1,8.645,345.32,RAM,REG,ROM,6,3,goto,0
364,22,137,156,198,14,15,8.22,99,1,380,169,217,0,1,8.645,345.32,RAM,REG,ROM,6,3,goto,-25
364,22,137,156,198,14,15,8.22,99,1,380,169,217,0,1,8.645,345.32,RAM,REG,ROM,6,3,goto,-50
364,22,137,156,198,14,15,8.22,99,1,380,169,217,0,1,8.645,345.32,RAM,REG,ROM,6,3,goto,-75
157,2,124,33,28,1,4,7.2425,0,0,131,31,76,0,0,0.902,345.04,RAM,REG,ROM,6,6,inline,0
157,2,124,33,28,1,4,7.2425,0,0,131,31,76,0,0,0.902,345.04,RAM,REG,ROM,6,6,inline,-25
163,3,115,51,42,2,4,7.2425,0,0,154,51,88,0,0,7.143,345.72,RAM,REG,ROM,6,6,inline,-50
163,3,115,51,42,2,4,7.2425,0,0,154,51,88,0,0,7.143,345.72,RAM,REG,ROM,6,6,inline,-75
170,2,104,36,60,1,5,7.83,0,0,170,36,98,0,0,3.479,350.08,RAM,REG,ROM,6,6,goto,0
170,2,104,36,60,1,5,7.83,0,0,170,36,98,0,0,3.479,350.08,RAM,REG,ROM,6,6,goto,-25
188,3,84,60,96,2,6,8.2175,0,0,181,61,112,0,0,7.817,361.87,RAM,REG,ROM,6,6,goto,-50
188,3,84,60,96,2,6,8.2175,0,0,181,61,112,0,0,7.817,361.87,RAM,REG,ROM,6,6,goto,-75
157,2,124,33,28,1,4,7.2425,0,0,131,31,76,0,0,0.902,345.04,RAM,REG,ROM,6,9,inline,0
157,2,124,33,28,1,4,7.2425,0,0,131,31,76,0,0,0.902,345.04,RAM,REG,ROM,6,9,inline,-25
163,3,115,51,42,2,4,7.2425,0,0,154,51,88,0,0,7.143,345.72,RAM,REG,ROM,6,9,inline,-50
163,3,115,51,42,2,4,7.2425,0,0,154,51,88,0,0,7.143,345.72,RAM,REG,ROM,6,9,inline,-75
170,2,104,36,60,1,5,7.83,0,0,170,36,98,0,0,3.479,350.08,RAM,REG,ROM,6,9,goto,0
170,2,104,36,60,1,5,7.83,0,0,170,36,98,0,0,3.479,350.08,RAM,REG,ROM,6,9,goto,-25
188,3,84,60,96,2,6,8.2175,0,0,181,61,112,0,0,7.817,361.87,RAM,REG,ROM,6,9,goto,-50
188,3,84,60,96,2,6,8.2175,0,0,181,61,112,0,0,7.817,361.87,RAM,REG,ROM,6,9,goto,-75
286,28,133,91,128,12,13,7.68,99,1,300,102,181,0,2,8.804,344.35,RAM,REG,ROM,9,0,inline,0
286,28,133,91,128,12,13,7.68,99,1,300,102,181,0,2,8.804,344.35,RAM,REG,ROM,9,0,inline,-25
286,28,133,91,128,12,13,7.68,99,1,300,102,181,0,2,8.804,344.35,RAM,REG,ROM,9,0,inline,-50
286,28,133,91,128,12,13,7.68,99,1,300,102,181,0,2,8.804,344.35,RAM,REG,ROM,9,0,inline,-75
333,28,125,156,182,12,14,8.22,99,1,362,167,209,0,2,8.989,345.75,RAM,REG,ROM,9,0,goto,0
333,28,125,156,182,12,14,8.22,99,1,362,167,209,0,2,8.989,345.75,RAM,REG,ROM,9,0,goto,-25
333,28,125,156,182,12,14,8.22,99,1,362,167,209,0,2,8.989,345.75,RAM,REG,ROM,9,0,goto,-50
333,28,125,156,182,12,14,8.22,99,1,362,167,209,0,2,8.989,345.75,RAM,REG,ROM,9,0,goto,-75
317,22,145,91,144,14,14,7.68,99,1,318,104,188,0,1,8.666,345.62,RAM,REG,ROM,9,3,inline,0
317,22,145,91,144,14,14,7.68,99,1,318,104,188,0,1,8.666,345.62,RAM,REG,ROM,9,3,inline,-25
317,22,145,91,144,14,14,7.68,99,1,318,104,188,0,1,8.666,345.62,RAM,REG,ROM,9,3,inline,-50
317,22,145,91,144,14,14,7.68,99,1,318,104,188,0,1,8.666,345.62,RAM,REG,ROM,9,3,inline,-75
364,22,137,156,198,14,15,8.22,99,1,380,169,217,0,1,8.645,345.32,RAM,REG,ROM,9,3,goto,0
364,22,137,156,198,14,15,8.22,99,1,380,169,217,0,1,8.645,345.32,RAM,REG,ROM,9,3,goto,-25
364,22,137,156,198,14,15,8.22,99,1,380,169,217,0,1,8.645,345.32,RAM,REG,ROM,9,3,goto,-50
364,22,137,156,198,14,15,8.22,99,1,380,169,217,0,1,8.645,345.32,RAM,REG,ROM,9,3,goto,-75
157,2,124,33,28,1,4,7.2425,0,0,131,31,76,0,0,0.902,345.04,RAM,REG,ROM,9,6,inline,0
157,2,124,33,28,1,4,7.2425,0,0,131,31,76,0,0,0.902,345.04,RAM,REG,ROM,9,6,inline,-25
163,3,115,51,42,2,4,7.2425,0,0,154,51,88,0,0,7.143,345.72,RAM,REG,ROM,9,6,inline,-50
163,3,115,51,42,2,4,7.2425,0,0,154,51,88,0,0,7.143,345.72,RAM,REG,ROM,9,6,inline,-75
170,2,104,36,60,1,5,7.83,0,0,170,36,98,0,0,3.479,350.08,RAM,REG,ROM,9,6,goto,0
170,2,104,36,60,1,5,7.83,0,0,170,36,98,0,0,3.479,350.08,RAM,REG,ROM,9,6,goto,-25
188,3,84,60,96,2,6,8.2175,0,0,181,61,112,0,0,7.817,361.87,RAM,REG,ROM,9,6,goto,-50
188,3,84,60,96,2,6,8.2175,0,0,181,61,112,0,0,7.817,361.87,RAM,REG,ROM,9,6,goto,-75
157,2,124,33,28,1,4,7.2425,0,0,131,31,76,0,0,0.902,345.04,RAM,REG,ROM,9,9,inline,0
157,2,124,33,28,1,4,7.2425,0,0,131,31,76,0,0,0.902,345.04,RAM,REG,ROM,9,9,inline,-25
163,3,115,51,42,2,4,7.2425,0,0,154,51,88,0,0,7.143,345.72,RAM,REG,ROM,9,9,inline,-50
163,3,115,51,42,2,4,7.2425,0,0,154,51,88,0,0,7.143,345.72,RAM,REG,ROM,9,9,inline,-75
170,2,104,36,60,1,5,7.83,0,0,170,36,98,0,0,3.479,350.08,RAM,REG,ROM,9,9,goto,0
170,2,104,36,60,1,5,7.83,0,0,170,36,98,0,0,3.479,350.08,RAM,REG,ROM,9,9,goto,-25
188,3,84,60,96,2,6,8.2175,0,0,181,61,112,0,0,7.817,361.87,RAM,REG,ROM,9,9,goto,-50
188,3,84,60,96,2,6,8.2175,0,0,181,61,112,0,0,7.817,361.87,RAM,REG,ROM,9,9,goto,-75
294,28,152,105,118,12,12,7.68,126,2,371,119,202,0,3,9.130,343.18,RAM,ROM,ROM,0,0,inline,0
294,28,152,105,118,12,12,7.68,126,2,371,119,202,0,3,9.130,343.18,RAM,ROM,ROM,0,0,inline,-25
294,28,152,105,118,12,12,7.68,126,2,371,119,202,0,3,9.130,343.18,RAM,ROM,ROM,0,0,inline,-50
294,28,152,105,118,12,12,7.68,126,2,371,119,202,0,3,9.130,343.18,RAM,ROM,ROM,0,0,inline,-75
336,28,129,105,182,12,13,8.22,126,2,373,119,200,0,3,9.397,345.44,RAM,ROM,ROM,0,0,goto,0
336,28,129,105,182,12,13,8.22,126,2,373,119,200,0,3,9.397,345.44,RAM,ROM,ROM,0,0,goto,-25
336,28,129,105,182,12,13,8.22,126,2,373,119,200,0,3,9.397,345.44,RAM,ROM,ROM,0,0,goto,-50
336,28,129,105,182,12,13,8.22,126,2,373,119,200,0,3,9.397,345.44,RAM,ROM,ROM,0,0,goto,-75
385,40,136,74,216,16,17,9.515,126,1,355,85,188,0,3,9.358,342.04,RAM,ROM,ROM,0,3,inline,0
385,40,136,74,216,16,17,9.515,126,1,355,85,188,0,3,9.358,342.04,RAM,ROM,ROM,0,3,inline,-25
385,40,136,74,216,16,17,9.515,126,1,355,85,188,0,3,9.358,342.04,RAM,ROM,ROM,0,3,inline,-50
385,40,136,74,216,16,17,9.515,126,1,355,85,188,0,3,9.358,342.04,RAM,ROM,ROM,0,3,inline,-75
396,40,113,106,249,16,18,9.515,126,1,387,118,202,0,3,9.381,343.93,RAM,ROM,ROM,0,3,goto,0
396,40,113,106,249,16,18,9.515,126,1,387,118,202,0,3,9.381,343.93,RAM,ROM,ROM,0,3,goto,-25
396,40,113,106,249,16,18,9.515,126,1,387,118,202,0,3,9.381,343.93,RAM,ROM,ROM,0,3,goto,-50
396,40,113,106,249,16,18,9.515,126,1,387,118,202,0,3,9.381,343.93,RAM,ROM,ROM,0,3,goto,-75
295,34,148,84,110,18,19,7.68,99,1,300,100,184,0,2,8.699,343.01,RAM,ROM,ROM,0,6,inline,0
295,34,148,84,110,18,19,7.68,99,1,300,100,184,0,2,8.699,343.01,RAM,ROM,ROM,0,6,inline,-25
295,34,148,84,110,18,19,7.68,99,1,300,100,184,0,2,8.699,343.01,RAM,ROM,ROM,0,6,inline,-50
295,34,148,84,110,18,19,7.68,99,1,300,100,184,0,2,8.699,343.01,RAM,ROM,ROM,0,6,inline,-75
379,34,136,117,207,18,18,8.22,99,1,322,133,190,0,2,9.070,344.38,RAM,ROM,ROM,0,6,goto,0
379,34,136,117,207,18,18,8.22,99,1,322,133,190,0,2,9.070,344.38,RAM,ROM,ROM,0,6,goto,-25
379,34,136,117,207,18,18,8.22,99,1,322,133,190,0,2,9.070,344.38,RAM,ROM,ROM,0,6,goto,-50
379,34,136,117,207,18,18,8.22,99,1,322,133,190,0,2,9.070,344.38,RAM,ROM,ROM,0,6,goto,-75
295,34,148,84,110,18,19,7.68,99,1,300,100,184,0,2,8.699,343.01,RAM,ROM,ROM,0,9,inline,0
295,34,148,84,110,18,19,7.68,99,1,300,100,184,0,2,8.699,343.01,RAM,ROM,ROM,0,9,inline,-25
295,34,148,84,110,18,19,7.68,99,1,300,100,184,0,2,8.699,343.01,RAM,ROM,ROM,0,9,inline,-50
295,34,148,84,110,18,19,7.68,99,1,300,100,184,0,2,8.699,343.01,RAM,ROM,ROM,0,9,inline,-75
379,34,136,117,207,18,18,8.22,99,1,322,133,190,0,2,9.070,344.38,RAM,ROM,ROM,0,9,goto,0
379,34,136,117,207,18,18,8.22,99,1,322,133,190,0,2,9.070,344.38,RAM,ROM,ROM,0,9,goto,-25
379,34,136,117,207,18,18,8.22,99,1,322,133,190,0,2,9.070,344.38,RAM,ROM,ROM,0,9,goto,-50
379,34,136,117,207,18,18,8.22,99,1,322,133,190,0,2,9.070,344.38,RAM,ROM,ROM,0,9,goto,-75
385,40,136,74,216,16,17,9.515,126,1,358,85,188,0,3,9.335,342.64,RAM,ROM,ROM,3,0,inline,0
385,40,136,74,216,16,17,9.515,126,1,358,85,188,0,3,9.335,342.64,RAM,ROM,ROM,3,0,inline,-25
385,40,136,74,216,16,17,9.515,126,1,358,85,188,0,3,9.335,342.64,RAM,ROM,ROM,3,0,inline,-50
385,40,136,74,216,16,17,9.515,126,1,358,85,188,0,3,9.335,342.64,RAM,ROM,ROM,3,0,inline,-75
396,40,113,106,249,16,18,9.515,126,1,386,117,201,0,3,9.915,345.24,RAM,ROM,ROM,3,0,goto,0
396,40,113,106,249,16,18,9.515,126,1,386,117,201,0,3,9.915,345.24,RAM,ROM,ROM,3,0,goto,-25
396,40,113,106,249,16,18,9.515,126,1,386,117,201,0,3,9.915,345.24,RAM,ROM,ROM,3,0,goto,-50
396,40,113,106,249,16,18,9.515,126,1,386,117,201,0,3,9.915,345.24,RAM,ROM,ROM,3,0,goto,-75
333,22,164,105,142,14,13,7.68,126,2,388,120,207,0,1,9.131,344.59,RAM,ROM,ROM,3,3,inline,0
333,22,164,105,142,14,13,7.68,126,2,388,120,207,0,1,9.131,344.59,RAM,ROM,ROM,3,3,inline,-25
333,22,164,105,142,14,13,7.68,126,2,388,120,207,0,1,9.131,344.59,RAM,ROM,ROM,3,3,inline,-50
333,22,164,105,142,14,13,7.68,126,2,388,120,207,0,1,9.131,344.59,RAM,ROM,ROM,3,3,inline,-75
375,22,141,105,206,14,14,8.22,126,2,393,120,207,0,1,9.315,345.24,RAM,ROM,ROM,3,3,goto,0
375,22,141,105,206,14,14,8.22,126,2,393,120,207,0,1,9.315,345.24,RAM,ROM,ROM,3,3,goto,-25
375,22,141,105,206,14,14,8.22,126,2,393,120,207,0,1,9.315,345.24,RAM,ROM,ROM,3,3,goto,-50
375,22,141,105,206,14,14,8.22,126,2,393,120,207,0,1,9.315,345.24,RAM,ROM,ROM,3,3,goto,-75
344,32,168,111,135,21,20,8.82,99,1,340,128,212,0,1,9.393,342.75,RAM,ROM,ROM,3,6,inline,0
344,32,168,111,135,21,20,8.82,99,1,340,128,212,0,1,9.393,342.75,RAM,ROM,ROM,3,6,inline,-25
344,32,168,111,135,21,20,8.82,99,1,340,128,212,0,1,9.393,342.75,RAM,ROM,ROM,3,6,inline,-50
344,32,168,111,135,21,20,8.82,99,1,340,128,212,0,1,9.393,342.75,RAM,ROM,ROM,3,6,inline,-75
435,34,148,146,245,21,21,9.63,99,1,395,160,238,0,2,9.325,346.54,RAM,ROM,ROM,3,6,goto,0
435,34,148,146,245,21,21,9.63,99,1,395,160,238,0,2,9.325,346.54,RAM,ROM,ROM,3,6,goto,-25
435,34,148,146,245,21,21,9.63,99,1,395,160,238,0,2,9.325,346.54,RAM,ROM,ROM,3,6,goto,-50
435,34,148,146,245,21,21,9.63,99,1,395,160,238,0,2,9.325,346.54,RAM,ROM,ROM,3,6,goto,-75
344,32,168,111,135,21,20,8.82,99,1,340,128,212,0,1,9.393,342.75,RAM,ROM,ROM,3,9,inline,0
344,32,168,111,135,21,20,8.82,99,1,340,128,212,0,1,9.393,342.75,RAM,ROM,ROM,3,9,inline,-25
344,32,168,111,135,21,20,8.82,99,1,340,128,212,0,1,9.393,342.75,RAM,ROM,ROM,3,9,inline,-50
344,32,168,111,135,21,20,8.82,99,1,340,128,212,0,1,9.393,342.75,RAM,ROM,ROM,3,9,inline,-75
435,34,148,146,245,21,21,9.63,99,1,395,160,238,0,2,9.325,346.54,RAM,ROM,ROM,3,9,goto,0
435,34,148,146,245,21,21,9.63,99,1,395,160,238,0,2,9.325,346.54,RAM,ROM,ROM,3,9,goto,-25
435,34,148,146,245,21,21,9.63,99,1,395,160,238,0,2,9.325,346.54,RAM,ROM,ROM,3,9,goto,-50
435,34,148,146,245,21,21,9.63,99,1,395,160,238,0,2,9.325,346.54,RAM,ROM,ROM,3,9,goto,-75
286,28,133,91,128,12,13,7.68,99,1,300,102,181,0,2,8.804,344.35,RAM,ROM,ROM,6,0,inline,0
286,28,133,91,128,12,13,7.68,99,1,300,102,181,0,2,8.804,344.35,RAM,ROM,ROM,6,0,inline,-25
286,28,133,91,128,12,13,7.68,99,1,300,102,181,0,2,8.804,344.35,RAM,ROM,ROM,6,0,inline,-50
286,28,133,91,128,12,13,7.68,99,1,300,102,181,0,2,8.804,344.35,RAM,ROM,ROM,6,0,inline,-75
333,28,125,156,182,12,14,8.22,99,1,362,167,209,0,2,8.989,345.75,RAM,ROM,ROM,6,0,goto,0
333,28,125,156,182,12,14,8.22,99,1,362,167,209,0,2,8.989,345.75,RAM,ROM,ROM,6,0,goto,-25
333,28,125,156,182,12,14,8.22,99,1,362,167,209,0,2,8.989,345.75,RAM,ROM,ROM,6,0,goto,-50
333,28,125,156,182,12,14,8.22,99,1,362,167,209,0,2,8.989,345.75,RAM,ROM,ROM,6,0,goto,-75
317,22,145,91,144,14,14,7.68,99,1,318,104,188,0,1,8.666,345.62,RAM,ROM,ROM,6,3,inline,0
317,22,145,91,144,14,14,7.68,99,1,318,104,188,0,1,8.666,345.62,RAM,ROM,ROM,6,3,inline,-25
317,22,145,91,144,14,14,7.68,99,1,318,104,188,0,1,8.666,345.62,RAM,ROM,ROM,6,3,inline,-50
317,22,145,91,144,14,14,7.68,99,1,318,104,188,0,1,8.666,345.62,RAM,ROM,ROM,6,3,inline,-75
364,22,137,156,198,14,15,8.22,99,1,380,169,217,0,1,8.645,345.32,RAM,ROM,ROM,6,3,goto,0
364,22,137,156,198,14,15,8.22,99,1,380,169,217,0,1,8.645,345.32,RAM,ROM,ROM,6,3,goto,-25
364,22,137,156,198,14,15,8.22,99,1,380,169,217,0,1,8.645,345.32,RAM,ROM,ROM,6,3,goto,-50
364,22,137,156,198,14,15,8.22,99,1,380,169,217,0,1,8.645,345.32,RAM,ROM,ROM,6,3,goto,-75
157,2,124,33,28,1,4,7.2425,0,0,131,31,76,0,0,0.902,345.04,RAM,ROM,ROM,6,6,inline,0
157,2,124,33,28,1,4,7.2425,0,0,131,31,76,0,0,0.902,345.04,RAM,ROM,ROM,6,6,inline,-25
163,3,115,51,42,2,4,7.2425,0,0,154,51,88,0,0,7.143,345.72,RAM,ROM,ROM,6,6,inline,-50
163,3,115,51,42,2,4,7.2425,0,0,154,51,88,0,0,7.143,345.72,RAM,ROM,ROM,6,6,inline,-75
170,2,104,36,60,1,5,7.83,0,0,170,36,98,0,0,3.479,350.08,RAM,ROM,ROM,6,6,goto,0
170,2,104,36,60,1,5,7.83,0,0,170,36,98,0,0,3.479,350.08,RAM,ROM,ROM,6,6,goto,-25
188,3,84,60,96,2,6,8.2175,0,0,181,61,112,0,0,7.817,361.87,RAM,ROM,ROM,6,6,goto,-50
188,3,84,60,96,2,6,8.2175,0,0,181,61,112,0,0,7.817,361.87,RAM,ROM,ROM,6,6,goto,-75
157,2,124,33,28,1,4,7.2425,0,0,131,31,76,0,0,0.902,345.04,RAM,ROM,ROM,6,9,inline,0
157,2,124,33,28,1,4,7.2425,0,0,131,31,76,0,0,0.902,345.04,RAM,ROM,ROM,6,9,inline,-25
163,3,115,51,42,2,4,7.2425,0,0,154,51,88,0,0,7.143,345.72,RAM,ROM,ROM,6,9,inline,-50
163,3,115,51,42,2,4,7.2425,0,0,154,51,88,0,0,7.143,345.72,RAM,ROM,ROM,6,9,inline,-75
170,2,104,36,60,1,5,7.83,0,0,170,36,98,0,0,3.479,350.08,RAM,ROM,ROM,6,9,goto,0
170,2,104,36,60,1,5,7.83,0,0,170,36,98,0,0,3.479,350.08,RAM,ROM,ROM,6,9,goto,-25
188,3,84,60,96,2,6,8.2175,0,0,181,61,112,0,0,7.817,361.87,RAM,ROM,ROM,6,9,goto,-50
188,3,84,60,96,2,6,8.2175,0,0,181,61,112,0,0,7.817,361.87,RAM,ROM,ROM,6,9,goto,-75
286,28,133,91,128,12,13,7.68,99,1,300,102,181,0,2,8.804,344.35,RAM,ROM,ROM,9,0,inline,0
286,28,133,91,128,12,13,7.68,99,1,300,102,181,0,2,8.804,344.35,RAM,ROM,ROM,9,0,inline,-25
286,28,133,91,128,12,13,7.68,99,1,300,102,181,0,2,8.804,344.35,RAM,ROM,ROM,9,0,inline,-50
286,28,133,91,128,12,13,7.68,99,1,300,102,181,0,2,8.804,344.35,RAM,ROM,ROM,9,0,inline,-75
333,28,125,156,182,12,14,8.22,99,1,362,167,209,0,2,8.989,345.75,RAM,ROM,ROM,9,0,goto,0
333,28,125,156,182,12,14,8.22,99,1,362,167,209,0,2,8.989,345.75,RAM,ROM,ROM,9,0,goto,-25
333,28,125,156,182,12,14,8.22,99,1,362,167,209,0,2,8.989,345.75,RAM,ROM,ROM,9,0,goto,-50
333,28,125,156,182,12,14,8.22,99,1,362,167,209,0,2,8.989,345.75,RAM,ROM,ROM,9,0,goto,-75
317,22,145,91,144,14,14,7.68,99,1,318,104,188,0,1,8.666,345.62,RAM,ROM,ROM,9,3,inline,0
317,22,145,91,144,14,14,7.68,99,1,318,104,188,0,1,8.666,345.62,RAM,ROM,ROM,9,3,inline,-25
317,22,145,91,144,14,14,7.68,99,1,318,104,188,0,1,8.666,345.62,RAM,ROM,ROM,9,3,inline,-50
317,22,145,91,144,14,14,7.68,99,1,318,104,188,0,1,8.666,345.62,RAM,ROM,ROM,9,3,inline,-75
364,22,137,156,198,14,15,8.22,99,1,380,169,217,0,1,8.645,345.32,RAM,ROM,ROM,9,3,goto,0
364,22,137,156,198,14,15,8.22,99,1,380,169,217,0,1,8.645,345.32,RAM,ROM,ROM,9,3,goto,-25
364,22,137,156,198,14,15,8.22,99,1,380,169,217,0,1,8.645,345.32,RAM,ROM,ROM,9,3,goto,-50
364,22,137,156,198,14,15,8.22,99,1,380,169,217,0,1,8.645,345.32,RAM,ROM,ROM,9,3,goto,-75
157,2,124,33,28,1,4,7.2425,0,0,131,31,76,0,0,0.902,345.04,RAM,ROM,ROM,9,6,inline,0
157,2,124,33,28,1,4,7.2425,0,0,131,31,76,0,0,0.902,345.04,RAM,ROM,ROM,9,6,inline,-25
163,3,115,51,42,2,4,7.2425,0,0,154,51,88,0,0,7.143,345.72,RAM,ROM,ROM,9,6,inline,-50
163,3,115,51,42,2,4,7.2425,0,0,154,51,88,0,0,7.143,345.72,RAM,ROM,ROM,9,6,inline,-75
170,2,104,36,60,1,5,7.83,0,0,170,36,98,0,0,3.479,350.08,RAM,ROM,ROM,9,6,goto,0
170,2,104,36,60,1,5,7.83,0,0,170,36,98,0,0,3.479,350.08,RAM,ROM,ROM,9,6,goto,-25
188,3,84,60,96,2,6,8.2175,0,0,181,61,112,0,0,7.817,361.87,RAM,ROM,ROM,9,6,goto,-50
188,3,84,60,96,2,6,8.2175,0,0,181,61,112,0,0,7.817,361.87,RAM,ROM,ROM,9,6,goto,-75
157,2,124,33,28,1,4,7.2425,0,0,131,31,76,0,0,0.902,345.04,RAM,ROM,ROM,9,9,inline,0
157,2,124,33,28,1,4,7.2425,0,0,131,31,76,0,0,0.902,345.04,RAM,ROM,ROM,9,9,inline,-25
163,3,115,51,42,2,4,7.2425,0,0,154,51,88,0,0,7.143,345.72,RAM,ROM,ROM,9,9,inline,-50
163,3,115,51,42,2,4,7.2425,0,0,154,51,88,0,0,7.143,345.72,RAM,ROM,ROM,9,9,inline,-75
170,2,104,36,60,1,5,7.83,0,0,170,36,98,0,0,3.479,350.08,RAM,ROM,ROM,9,9,goto,0
170,2,104,36,60,1,5,7.83,0,0,170,36,98,0,0,3.479,350.08,RAM,ROM,ROM,9,9,goto,-25
188,3,84,60,96,2,6,8.2175,0,0,181,61,112,0,0,7.817,361.87,RAM,ROM,ROM,9,9,goto,-50
188,3,84,60,96,2,6,8.2175,0,0,181,61,112,0,0,7.817,361.87,RAM,ROM,ROM,9,9,goto,-75
